"⼆重化",,,1,名詞,固有名詞,一般,*,*,*,*,*,*
"0-day",,,1,名詞,固有名詞,一般,*,*,*,*,*,*
"0-day attack",,,1,名詞,固有名詞,一般,*,*,*,*,*,*
"2038年問題",,,1,名詞,固有名詞,一般,*,*,*,*,*,*
"2ファクター",,,1,名詞,固有名詞,一般,*,*,*,*,*,*
"3-way handshake",,,1,名詞,固有名詞,一般,*,*,*,*,*,*
"36協定",,,1,名詞,固有名詞,一般,*,*,*,*,*,*
"3DES",,,1,名詞,固有名詞,一般,*,*,*,*,*,*
"@police",,,1,名詞,固有名詞,一般,*,*,*,*,*,*
"AA",,,1,名詞,固有名詞,一般,*,*,*,*,*,*
"AC",,,1,名詞,固有名詞,一般,*,*,*,*,*,*
"ACCS",,,1,名詞,固有名詞,一般,*,*,*,*,*,*
"ACK Piggybacking",,,1,名詞,固有名詞,一般,*,*,*,*,*,*
"ACL",,,1,名詞,固有名詞,一般,*,*,*,*,*,*
"ACTA",,,1,名詞,固有名詞,一般,*,*,*,*,*,*
"AES",,,1,名詞,固有名詞,一般,*,*,*,*,*,*
"AES暗号",,,1,名詞,固有名詞,一般,*,*,*,*,*,*
"AMTSO",,,1,名詞,固有名詞,一般,*,*,*,*,*,*
"AOSS",,,1,名詞,固有名詞,一般,*,*,*,*,*,*
"API",,,1,名詞,固有名詞,一般,*,*,*,*,*,*
"APOP",,,1,名詞,固有名詞,一般,*,*,*,*,*,*
"APT",,,1,名詞,固有名詞,一般,*,*,*,*,*,*
"APT攻撃",,,1,名詞,固有名詞,一般,*,*,*,*,*,*
"APWG",,,1,名詞,固有名詞,一般,*,*,*,*,*,*
"ARL",,,1,名詞,固有名詞,一般,*,*,*,*,*,*
"ARP",,,1,名詞,固有名詞,一般,*,*,*,*,*,*
"ARPANET",,,1,名詞,固有名詞,一般,*,*,*,*,*,*
"ARPキャッシュポイズニング",,,1,名詞,固有名詞,一般,*,*,*,*,*,*
"ARPスプーフィング",,,1,名詞,固有名詞,一般,*,*,*,*,*,*
"ARPテーブル",,,1,名詞,固有名詞,一般,*,*,*,*,*,*
"ASP",,,1,名詞,固有名詞,一般,*,*,*,*,*,*
"ATS",,,1,名詞,固有名詞,一般,*,*,*,*,*,*
"Access Control",,,1,名詞,固有名詞,一般,*,*,*,*,*,*
"Access Control List",,,1,名詞,固有名詞,一般,*,*,*,*,*,*
"Access Control Service",,,1,名詞,固有名詞,一般,*,*,*,*,*,*
"Access Management Access",,,1,名詞,固有名詞,一般,*,*,*,*,*,*
"Access Matrix",,,1,名詞,固有名詞,一般,*,*,*,*,*,*
"Account Harvesting",,,1,名詞,固有名詞,一般,*,*,*,*,*,*
"Active Content",,,1,名詞,固有名詞,一般,*,*,*,*,*,*
"Active Directory",,,1,名詞,固有名詞,一般,*,*,*,*,*,*
"ActiveX Controls",,,1,名詞,固有名詞,一般,*,*,*,*,*,*
"ActiveX コントロール",,,1,名詞,固有名詞,一般,*,*,*,*,*,*
"ActiveXコントロール",,,1,名詞,固有名詞,一般,*,*,*,*,*,*
"Activity Monitors",,,1,名詞,固有名詞,一般,*,*,*,*,*,*
"Address Bar Spoofing",,,1,名詞,固有名詞,一般,*,*,*,*,*,*
"Address Resolution Protocol",,,1,名詞,固有名詞,一般,*,*,*,*,*,*
"Administrator",,,1,名詞,固有名詞,一般,*,*,*,*,*,*
"Advanced Encryption Standard",,,1,名詞,固有名詞,一般,*,*,*,*,*,*
"Advertising Identifier",,,1,名詞,固有名詞,一般,*,*,*,*,*,*
"Adware",,,1,名詞,固有名詞,一般,*,*,*,*,*,*
"AirStation One-Touch Secure System",,,1,名詞,固有名詞,一般,*,*,*,*,*,*
"Algorithm",,,1,名詞,固有名詞,一般,*,*,*,*,*,*
"Aliases",,,1,名詞,固有名詞,一般,*,*,*,*,*,*
"Anomaly Detection",,,1,名詞,固有名詞,一般,*,*,*,*,*,*
"Anti-Phishing Working Group",,,1,名詞,固有名詞,一般,*,*,*,*,*,*
"Anti-virus soft",,,1,名詞,固有名詞,一般,*,*,*,*,*,*
"Antinny",,,1,名詞,固有名詞,一般,*,*,*,*,*,*
"Apache Killer",,,1,名詞,固有名詞,一般,*,*,*,*,*,*
"Apache Struts",,,1,名詞,固有名詞,一般,*,*,*,*,*,*
"App Transport Security",,,1,名詞,固有名詞,一般,*,*,*,*,*,*
"App store",,,1,名詞,固有名詞,一般,*,*,*,*,*,*
"AppLocker",,,1,名詞,固有名詞,一般,*,*,*,*,*,*
"Apple Pay",,,1,名詞,固有名詞,一般,*,*,*,*,*,*
"Applet",,,1,名詞,固有名詞,一般,*,*,*,*,*,*
"Applicant",,,1,名詞,固有名詞,一般,*,*,*,*,*,*
"Application",,,1,名詞,固有名詞,一般,*,*,*,*,*,*
"Apps",,,1,名詞,固有名詞,一般,*,*,*,*,*,*
"Arrival method",,,1,名詞,固有名詞,一般,*,*,*,*,*,*
"Ashley Madison",,,1,名詞,固有名詞,一般,*,*,*,*,*,*
"Asymmetric Cryptography",,,1,名詞,固有名詞,一般,*,*,*,*,*,*
"Asymmetric Warfare",,,1,名詞,固有名詞,一般,*,*,*,*,*,*
"Attachment",,,1,名詞,固有名詞,一般,*,*,*,*,*,*
"Attribute Authority",,,1,名詞,固有名詞,一般,*,*,*,*,*,*
"Attribute Certificate",,,1,名詞,固有名詞,一般,*,*,*,*,*,*
"Attribute Certificate Authority",,,1,名詞,固有名詞,一般,*,*,*,*,*,*
"Audit",,,1,名詞,固有名詞,一般,*,*,*,*,*,*
"Auditing",,,1,名詞,固有名詞,一般,*,*,*,*,*,*
"Authenticate",,,1,名詞,固有名詞,一般,*,*,*,*,*,*
"Authentication",,,1,名詞,固有名詞,一般,*,*,*,*,*,*
"Authenticity",,,1,名詞,固有名詞,一般,*,*,*,*,*,*
"Authority Revocation List",,,1,名詞,固有名詞,一般,*,*,*,*,*,*
"Authorization",,,1,名詞,固有名詞,一般,*,*,*,*,*,*
"Autonomous System",,,1,名詞,固有名詞,一般,*,*,*,*,*,*
"Autorun",,,1,名詞,固有名詞,一般,*,*,*,*,*,*
"Autostart",,,1,名詞,固有名詞,一般,*,*,*,*,*,*
"Availability",,,1,名詞,固有名詞,一般,*,*,*,*,*,*
"B-CASカード",,,1,名詞,固有名詞,一般,*,*,*,*,*,*
"BACnet",,,1,名詞,固有名詞,一般,*,*,*,*,*,*
"BASE",,,1,名詞,固有名詞,一般,*,*,*,*,*,*
"BASIC認証",,,1,名詞,固有名詞,一般,*,*,*,*,*,*
"BCA",,,1,名詞,固有名詞,一般,*,*,*,*,*,*
"BCP",,,1,名詞,固有名詞,一般,*,*,*,*,*,*
"BEC詐欺",,,1,名詞,固有名詞,一般,*,*,*,*,*,*
"BGP",,,1,名詞,固有名詞,一般,*,*,*,*,*,*
"BHO",,,1,名詞,固有名詞,一般,*,*,*,*,*,*
"BI",,,1,名詞,固有名詞,一般,*,*,*,*,*,*
"BIA",,,1,名詞,固有名詞,一般,*,*,*,*,*,*
"BIFROSE",,,1,名詞,固有名詞,一般,*,*,*,*,*,*
"BIND",,,1,名詞,固有名詞,一般,*,*,*,*,*,*
"BIOS",,,1,名詞,固有名詞,一般,*,*,*,*,*,*
"BIOSパスワード",,,1,名詞,固有名詞,一般,*,*,*,*,*,*
"BPM",,,1,名詞,固有名詞,一般,*,*,*,*,*,*
"BPR",,,1,名詞,固有名詞,一般,*,*,*,*,*,*
"BREDOLAB",,,1,名詞,固有名詞,一般,*,*,*,*,*,*
"BS7799",,,1,名詞,固有名詞,一般,*,*,*,*,*,*
"BSC",,,1,名詞,固有名詞,一般,*,*,*,*,*,*
"BYOD",,,1,名詞,固有名詞,一般,*,*,*,*,*,*
"Back Door",,,1,名詞,固有名詞,一般,*,*,*,*,*,*
"Backdoor",,,1,名詞,固有名詞,一般,*,*,*,*,*,*
"Backup",,,1,名詞,固有名詞,一般,*,*,*,*,*,*
"Bagle",,,1,名詞,固有名詞,一般,*,*,*,*,*,*
"Bandwidth",,,1,名詞,固有名詞,一般,*,*,*,*,*,*
"Banner",,,1,名詞,固有名詞,一般,*,*,*,*,*,*
"Bash",,,1,名詞,固有名詞,一般,*,*,*,*,*,*
"Basic Authentication",,,1,名詞,固有名詞,一般,*,*,*,*,*,*
"Basic認証",,,1,名詞,固有名詞,一般,*,*,*,*,*,*
"Bastion Host",,,1,名詞,固有名詞,一般,*,*,*,*,*,*
"Beselo",,,1,名詞,固有名詞,一般,*,*,*,*,*,*
"Biometorics",,,1,名詞,固有名詞,一般,*,*,*,*,*,*
"Biometrics",,,1,名詞,固有名詞,一般,*,*,*,*,*,*
"Bit",,,1,名詞,固有名詞,一般,*,*,*,*,*,*
"BitLocker To Go",,,1,名詞,固有名詞,一般,*,*,*,*,*,*
"Blacklist",,,1,名詞,固有名詞,一般,*,*,*,*,*,*
"Blended Threat",,,1,名詞,固有名詞,一般,*,*,*,*,*,*
"Block Cipher",,,1,名詞,固有名詞,一般,*,*,*,*,*,*
"Bluetooth",,,1,名詞,固有名詞,一般,*,*,*,*,*,*
"Boot Record",,,1,名詞,固有名詞,一般,*,*,*,*,*,*
"Boot Record Infector",,,1,名詞,固有名詞,一般,*,*,*,*,*,*
"Boot Sector",,,1,名詞,固有名詞,一般,*,*,*,*,*,*
"Boot Sector Virus",,,1,名詞,固有名詞,一般,*,*,*,*,*,*
"Bootkit",,,1,名詞,固有名詞,一般,*,*,*,*,*,*
"Border Gateway Protocol",,,1,名詞,固有名詞,一般,*,*,*,*,*,*
"Bot",,,1,名詞,固有名詞,一般,*,*,*,*,*,*
"Botnet",,,1,名詞,固有名詞,一般,*,*,*,*,*,*
"Bridge",,,1,名詞,固有名詞,一般,*,*,*,*,*,*
"Bridge CA",,,1,名詞,固有名詞,一般,*,*,*,*,*,*
"British Standard 7799",,,1,名詞,固有名詞,一般,*,*,*,*,*,*
"Broadcast",,,1,名詞,固有名詞,一般,*,*,*,*,*,*
"Broadcast Address",,,1,名詞,固有名詞,一般,*,*,*,*,*,*
"Browser",,,1,名詞,固有名詞,一般,*,*,*,*,*,*
"Browser Helper Object",,,1,名詞,固有名詞,一般,*,*,*,*,*,*
"Brute Force",,,1,名詞,固有名詞,一般,*,*,*,*,*,*
"Buffer Overflow",,,1,名詞,固有名詞,一般,*,*,*,*,*,*
"Buffer Overflow Attack",,,1,名詞,固有名詞,一般,*,*,*,*,*,*
"Business Continuity Plan",,,1,名詞,固有名詞,一般,*,*,*,*,*,*
"Business Impact Analysis",,,1,名詞,固有名詞,一般,*,*,*,*,*,*
"Byte",,,1,名詞,固有名詞,一般,*,*,*,*,*,*
"C&C server",,,1,名詞,固有名詞,一般,*,*,*,*,*,*
"C&Cサーバ",,,1,名詞,固有名詞,一般,*,*,*,*,*,*
"C&Cサーバー",,,1,名詞,固有名詞,一般,*,*,*,*,*,*
"C.I.A.",,,1,名詞,固有名詞,一般,*,*,*,*,*,*
"C2 server",,,1,名詞,固有名詞,一般,*,*,*,*,*,*
"CA",,,1,名詞,固有名詞,一般,*,*,*,*,*,*
"CA Domain",,,1,名詞,固有名詞,一般,*,*,*,*,*,*
"CA Policy Management",,,1,名詞,固有名詞,一般,*,*,*,*,*,*
"CA Signing Key Pair",,,1,名詞,固有名詞,一般,*,*,*,*,*,*
"CA ドメイン",,,1,名詞,固有名詞,一般,*,*,*,*,*,*
"CA 署名鍵ペア",,,1,名詞,固有名詞,一般,*,*,*,*,*,*
"CAC",,,1,名詞,固有名詞,一般,*,*,*,*,*,*
"CAPTCHA",,,1,名詞,固有名詞,一般,*,*,*,*,*,*
"CASB",,,1,名詞,固有名詞,一般,*,*,*,*,*,*
"CAポリシー管理",,,1,名詞,固有名詞,一般,*,*,*,*,*,*
"CBEFF",,,1,名詞,固有名詞,一般,*,*,*,*,*,*
"CC",,,1,名詞,固有名詞,一般,*,*,*,*,*,*
"CCCD",,,1,名詞,固有名詞,一般,*,*,*,*,*,*
"CDN",,,1,名詞,固有名詞,一般,*,*,*,*,*,*
"CDP",,,1,名詞,固有名詞,一般,*,*,*,*,*,*
"CERT",,,1,名詞,固有名詞,一般,*,*,*,*,*,*
"CERT C セキュアコーディングスタンダード",,,1,名詞,固有名詞,一般,*,*,*,*,*,*
"CERT/CC",,,1,名詞,固有名詞,一般,*,*,*,*,*,*
"CGI",,,1,名詞,固有名詞,一般,*,*,*,*,*,*
"CGI script",,,1,名詞,固有名詞,一般,*,*,*,*,*,*
"CHAP",,,1,名詞,固有名詞,一般,*,*,*,*,*,*
"CHM",,,1,名詞,固有名詞,一般,*,*,*,*,*,*
"CISO",,,1,名詞,固有名詞,一般,*,*,*,*,*,*
"CISSP",,,1,名詞,固有名詞,一般,*,*,*,*,*,*
"CLSID",,,1,名詞,固有名詞,一般,*,*,*,*,*,*
"CME",,,1,名詞,固有名詞,一般,*,*,*,*,*,*
"CME Initiative",,,1,名詞,固有名詞,一般,*,*,*,*,*,*
"CMOS",,,1,名詞,固有名詞,一般,*,*,*,*,*,*
"CMP",,,1,名詞,固有名詞,一般,*,*,*,*,*,*
"CMS",,,1,名詞,固有名詞,一般,*,*,*,*,*,*
"CNAME",,,1,名詞,固有名詞,一般,*,*,*,*,*,*
"COBIT",,,1,名詞,固有名詞,一般,*,*,*,*,*,*
"CODE BLUE",,,1,名詞,固有名詞,一般,*,*,*,*,*,*
"CP",,,1,名詞,固有名詞,一般,*,*,*,*,*,*
"CPO",,,1,名詞,固有名詞,一般,*,*,*,*,*,*
"CPPM",,,1,名詞,固有名詞,一般,*,*,*,*,*,*
"CPR",,,1,名詞,固有名詞,一般,*,*,*,*,*,*
"CPRM",,,1,名詞,固有名詞,一般,*,*,*,*,*,*
"CPS",,,1,名詞,固有名詞,一般,*,*,*,*,*,*
"CRC",,,1,名詞,固有名詞,一般,*,*,*,*,*,*
"CRL",,,1,名詞,固有名詞,一般,*,*,*,*,*,*
"CRL Distribution Points",,,1,名詞,固有名詞,一般,*,*,*,*,*,*
"CRL 配布点",,,1,名詞,固有名詞,一般,*,*,*,*,*,*
"CRLDP",,,1,名詞,固有名詞,一般,*,*,*,*,*,*
"CRM",,,1,名詞,固有名詞,一般,*,*,*,*,*,*
"CRYPTREC",,,1,名詞,固有名詞,一般,*,*,*,*,*,*
"CSA",,,1,名詞,固有名詞,一般,*,*,*,*,*,*
"CSIRT",,,1,名詞,固有名詞,一般,*,*,*,*,*,*
"CSP",,,1,名詞,固有名詞,一般,*,*,*,*,*,*
"CSR",,,1,名詞,固有名詞,一般,*,*,*,*,*,*
"CSRF",,,1,名詞,固有名詞,一般,*,*,*,*,*,*
"CTAP",,,1,名詞,固有名詞,一般,*,*,*,*,*,*
"CTF",,,1,名詞,固有名詞,一般,*,*,*,*,*,*
"CVE",,,1,名詞,固有名詞,一般,*,*,*,*,*,*
"CVE識別子",,,1,名詞,固有名詞,一般,*,*,*,*,*,*
"CVSS",,,1,名詞,固有名詞,一般,*,*,*,*,*,*
"Cache",,,1,名詞,固有名詞,一般,*,*,*,*,*,*
"Cache Cramming",,,1,名詞,固有名詞,一般,*,*,*,*,*,*
"Cache Poisoning",,,1,名詞,固有名詞,一般,*,*,*,*,*,*
"Call Admission Control",,,1,名詞,固有名詞,一般,*,*,*,*,*,*
"Carrier IQ",,,1,名詞,固有名詞,一般,*,*,*,*,*,*
"Cell",,,1,名詞,固有名詞,一般,*,*,*,*,*,*
"Certificate",,,1,名詞,固有名詞,一般,*,*,*,*,*,*
"Certificate Authority",,,1,名詞,固有名詞,一般,*,*,*,*,*,*
"Certificate Expiry",,,1,名詞,固有名詞,一般,*,*,*,*,*,*
"Certificate Policy",,,1,名詞,固有名詞,一般,*,*,*,*,*,*
"Certificate Renewal",,,1,名詞,固有名詞,一般,*,*,*,*,*,*
"Certificate Revocation",,,1,名詞,固有名詞,一般,*,*,*,*,*,*
"Certificate Revocation List",,,1,名詞,固有名詞,一般,*,*,*,*,*,*
"Certificate Service Provider",,,1,名詞,固有名詞,一般,*,*,*,*,*,*
"Certificate-Based Authentication",,,1,名詞,固有名詞,一般,*,*,*,*,*,*
"Certification",,,1,名詞,固有名詞,一般,*,*,*,*,*,*
"Certification Authority",,,1,名詞,固有名詞,一般,*,*,*,*,*,*
"Certification Practice Statement",,,1,名詞,固有名詞,一般,*,*,*,*,*,*
"ChChes",,,1,名詞,固有名詞,一般,*,*,*,*,*,*
"Chain of Custody",,,1,名詞,固有名詞,一般,*,*,*,*,*,*
"Challenge-Handshake Authentication Protocol",,,1,名詞,固有名詞,一般,*,*,*,*,*,*
"Checksum",,,1,名詞,固有名詞,一般,*,*,*,*,*,*
"Chief Information Security Officer",,,1,名詞,固有名詞,一般,*,*,*,*,*,*
"Chief Privacy Officer",,,1,名詞,固有名詞,一般,*,*,*,*,*,*
"Cipher",,,1,名詞,固有名詞,一般,*,*,*,*,*,*
"Ciphertext",,,1,名詞,固有名詞,一般,*,*,*,*,*,*
"Circuit Switched Network",,,1,名詞,固有名詞,一般,*,*,*,*,*,*
"Cisco",,,1,名詞,固有名詞,一般,*,*,*,*,*,*
"Class Action",,,1,名詞,固有名詞,一般,*,*,*,*,*,*
"Click fraud",,,1,名詞,固有名詞,一般,*,*,*,*,*,*
"Click to Play",,,1,名詞,固有名詞,一般,*,*,*,*,*,*
"Clickjacking",,,1,名詞,固有名詞,一般,*,*,*,*,*,*
"Client",,,1,名詞,固有名詞,一般,*,*,*,*,*,*
"Cloud Computing",,,1,名詞,固有名詞,一般,*,*,*,*,*,*
"Cloud Security Alliance",,,1,名詞,固有名詞,一般,*,*,*,*,*,*
"Cluster",,,1,名詞,固有名詞,一般,*,*,*,*,*,*
"Clustering",,,1,名詞,固有名詞,一般,*,*,*,*,*,*
"Cold Disaster Recovery Site",,,1,名詞,固有名詞,一般,*,*,*,*,*,*
"Collision",,,1,名詞,固有名詞,一般,*,*,*,*,*,*
"Command Line",,,1,名詞,固有名詞,一般,*,*,*,*,*,*
"Command Prompt",,,1,名詞,固有名詞,一般,*,*,*,*,*,*
"Command and-control server",,,1,名詞,固有名詞,一般,*,*,*,*,*,*
"Common Gateway Interface スクリプト",,,1,名詞,固有名詞,一般,*,*,*,*,*,*
"Common Malware Enumeration",,,1,名詞,固有名詞,一般,*,*,*,*,*,*
"Common Malware Enumeration Initiative",,,1,名詞,固有名詞,一般,*,*,*,*,*,*
"Common Vulnerabilities and Exposures",,,1,名詞,固有名詞,一般,*,*,*,*,*,*
"Comodo Internet Security",,,1,名詞,固有名詞,一般,*,*,*,*,*,*
"Competitive Intelligence",,,1,名詞,固有名詞,一般,*,*,*,*,*,*
"Component",,,1,名詞,固有名詞,一般,*,*,*,*,*,*
"Compromise",,,1,名詞,固有名詞,一般,*,*,*,*,*,*
"Computer Emergency Response Team",,,1,名詞,固有名詞,一般,*,*,*,*,*,*
"Computer Network",,,1,名詞,固有名詞,一般,*,*,*,*,*,*
"Computer Security Incident Response Team",,,1,名詞,固有名詞,一般,*,*,*,*,*,*
"Conficker",,,1,名詞,固有名詞,一般,*,*,*,*,*,*
"Confidentiality",,,1,名詞,固有名詞,一般,*,*,*,*,*,*
"Configuration Management",,,1,名詞,固有名詞,一般,*,*,*,*,*,*
"Content Security Policy",,,1,名詞,固有名詞,一般,*,*,*,*,*,*
"Control Pattern Release",,,1,名詞,固有名詞,一般,*,*,*,*,*,*
"Cookie",,,1,名詞,固有名詞,一般,*,*,*,*,*,*
"Cookies",,,1,名詞,固有名詞,一般,*,*,*,*,*,*
"Corruption",,,1,名詞,固有名詞,一般,*,*,*,*,*,*
"Cost Benefit Analysis",,,1,名詞,固有名詞,一般,*,*,*,*,*,*
"Counter",,,1,名詞,固有名詞,一般,*,*,*,*,*,*
"Countermeasure",,,1,名詞,固有名詞,一般,*,*,*,*,*,*
"Covert Channels",,,1,名詞,固有名詞,一般,*,*,*,*,*,*
"Cracking",,,1,名詞,固有名詞,一般,*,*,*,*,*,*
"Cracking tool",,,1,名詞,固有名詞,一般,*,*,*,*,*,*
"Crash",,,1,名詞,固有名詞,一般,*,*,*,*,*,*
"Crimeware",,,1,名詞,固有名詞,一般,*,*,*,*,*,*
"Cron",,,1,名詞,固有名詞,一般,*,*,*,*,*,*
"Cross Certificate",,,1,名詞,固有名詞,一般,*,*,*,*,*,*
"Cross Certification",,,1,名詞,固有名詞,一般,*,*,*,*,*,*
"Cross-site scripting",,,1,名詞,固有名詞,一般,*,*,*,*,*,*
"Crossover Cable",,,1,名詞,固有名詞,一般,*,*,*,*,*,*
"Cryptanalysis",,,1,名詞,固有名詞,一般,*,*,*,*,*,*
"Cryptographic Algorithm or Hash",,,1,名詞,固有名詞,一般,*,*,*,*,*,*
"Cryptography",,,1,名詞,固有名詞,一般,*,*,*,*,*,*
"Cut&Paste",,,1,名詞,固有名詞,一般,*,*,*,*,*,*
"Cut-Through",,,1,名詞,固有名詞,一般,*,*,*,*,*,*
"Cyber Terrorism",,,1,名詞,固有名詞,一般,*,*,*,*,*,*
"Cybercriminals",,,1,名詞,固有名詞,一般,*,*,*,*,*,*
"Cyclic Redundancy Check",,,1,名詞,固有名詞,一般,*,*,*,*,*,*
"DAC",,,1,名詞,固有名詞,一般,*,*,*,*,*,*
"DBMS",,,1,名詞,固有名詞,一般,*,*,*,*,*,*
"DBSC",,,1,名詞,固有名詞,一般,*,*,*,*,*,*
"DCE",,,1,名詞,固有名詞,一般,*,*,*,*,*,*
"DDoS",,,1,名詞,固有名詞,一般,*,*,*,*,*,*
"DDoS attack",,,1,名詞,固有名詞,一般,*,*,*,*,*,*
"DDoS攻撃",,,1,名詞,固有名詞,一般,*,*,*,*,*,*
"DDos攻撃",,,1,名詞,固有名詞,一般,*,*,*,*,*,*
"DES",,,1,名詞,固有名詞,一般,*,*,*,*,*,*
"DFD",,,1,名詞,固有名詞,一般,*,*,*,*,*,*
"DH",,,1,名詞,固有名詞,一般,*,*,*,*,*,*
"DHCP",,,1,名詞,固有名詞,一般,*,*,*,*,*,*
"DIAMETER",,,1,名詞,固有名詞,一般,*,*,*,*,*,*
"DIGUARD",,,1,名詞,固有名詞,一般,*,*,*,*,*,*
"DIGUARD NET",,,1,名詞,固有名詞,一般,*,*,*,*,*,*
"DKIM",,,1,名詞,固有名詞,一般,*,*,*,*,*,*
"DLL",,,1,名詞,固有名詞,一般,*,*,*,*,*,*
"DLP",,,1,名詞,固有名詞,一般,*,*,*,*,*,*
"DMARC",,,1,名詞,固有名詞,一般,*,*,*,*,*,*
"DMZ",,,1,名詞,固有名詞,一般,*,*,*,*,*,*
"DMZ公開エリア",,,1,名詞,固有名詞,一般,*,*,*,*,*,*
"DN",,,1,名詞,固有名詞,一般,*,*,*,*,*,*
"DNS",,,1,名詞,固有名詞,一般,*,*,*,*,*,*
"DNSSEC",,,1,名詞,固有名詞,一般,*,*,*,*,*,*
"DNSハイジャック",,,1,名詞,固有名詞,一般,*,*,*,*,*,*
"DNSリバインディング",,,1,名詞,固有名詞,一般,*,*,*,*,*,*
"DNS水責め攻撃",,,1,名詞,固有名詞,一般,*,*,*,*,*,*
"DOC",,,1,名詞,固有名詞,一般,*,*,*,*,*,*
"DOS Boot-up Disk",,,1,名詞,固有名詞,一般,*,*,*,*,*,*
"DOS起動ディスク",,,1,名詞,固有名詞,一般,*,*,*,*,*,*
"DRIDEX",,,1,名詞,固有名詞,一般,*,*,*,*,*,*
"DRM",,,1,名詞,固有名詞,一般,*,*,*,*,*,*
"DROWN",,,1,名詞,固有名詞,一般,*,*,*,*,*,*
"DRP",,,1,名詞,固有名詞,一般,*,*,*,*,*,*
"DSA",,,1,名詞,固有名詞,一般,*,*,*,*,*,*
"DSS",,,1,名詞,固有名詞,一般,*,*,*,*,*,*
"DTCP",,,1,名詞,固有名詞,一般,*,*,*,*,*,*
"Daemon",,,1,名詞,固有名詞,一般,*,*,*,*,*,*
"Damage Cleanup Engine",,,1,名詞,固有名詞,一般,*,*,*,*,*,*
"Damage potential",,,1,名詞,固有名詞,一般,*,*,*,*,*,*
"Data Aggregation",,,1,名詞,固有名詞,一般,*,*,*,*,*,*
"Data Breach",,,1,名詞,固有名詞,一般,*,*,*,*,*,*
"Data Custodian",,,1,名詞,固有名詞,一般,*,*,*,*,*,*
"Data Encryption Standard",,,1,名詞,固有名詞,一般,*,*,*,*,*,*
"Data Loss Prevention",,,1,名詞,固有名詞,一般,*,*,*,*,*,*
"Data Mining",,,1,名詞,固有名詞,一般,*,*,*,*,*,*
"Data Owner",,,1,名詞,固有名詞,一般,*,*,*,*,*,*
"Data Stealing Malware",,,1,名詞,固有名詞,一般,*,*,*,*,*,*
"Data Warehousing",,,1,名詞,固有名詞,一般,*,*,*,*,*,*
"Datagram",,,1,名詞,固有名詞,一般,*,*,*,*,*,*
"Day Zero",,,1,名詞,固有名詞,一般,*,*,*,*,*,*
"DeMilitarized Zone",,,1,名詞,固有名詞,一般,*,*,*,*,*,*
"Decapsulation",,,1,名詞,固有名詞,一般,*,*,*,*,*,*
"Decrypt",,,1,名詞,固有名詞,一般,*,*,*,*,*,*
"Decryption",,,1,名詞,固有名詞,一般,*,*,*,*,*,*
"Deep Packet Inspection",,,1,名詞,固有名詞,一般,*,*,*,*,*,*
"DeepSAFE",,,1,名詞,固有名詞,一般,*,*,*,*,*,*
"Defacement",,,1,名詞,固有名詞,一般,*,*,*,*,*,*
"Defense In-Depth",,,1,名詞,固有名詞,一般,*,*,*,*,*,*
"Delta CRL",,,1,名詞,固有名詞,一般,*,*,*,*,*,*
"Demilitarized Zone",,,1,名詞,固有名詞,一般,*,*,*,*,*,*
"Denial of Service",,,1,名詞,固有名詞,一般,*,*,*,*,*,*
"Denial of Service Attack",,,1,名詞,固有名詞,一般,*,*,*,*,*,*
"Denial of Service attack",,,1,名詞,固有名詞,一般,*,*,*,*,*,*
"Derectry",,,1,名詞,固有名詞,一般,*,*,*,*,*,*
"Destructive",,,1,名詞,固有名詞,一般,*,*,*,*,*,*
"Dialers",,,1,名詞,固有名詞,一般,*,*,*,*,*,*
"Dictionary Attack",,,1,名詞,固有名詞,一般,*,*,*,*,*,*
"Diffie-Hellman",,,1,名詞,固有名詞,一般,*,*,*,*,*,*
"Digest Authentication",,,1,名詞,固有名詞,一般,*,*,*,*,*,*
"Digest認証",,,1,名詞,固有名詞,一般,*,*,*,*,*,*
"Digital Certificate",,,1,名詞,固有名詞,一般,*,*,*,*,*,*
"Digital Envelope",,,1,名詞,固有名詞,一般,*,*,*,*,*,*
"Digital Forensics",,,1,名詞,固有名詞,一般,*,*,*,*,*,*
"Digital Signature",,,1,名詞,固有名詞,一般,*,*,*,*,*,*
"Digital Signature Algorithm",,,1,名詞,固有名詞,一般,*,*,*,*,*,*
"Digital Signature Standard",,,1,名詞,固有名詞,一般,*,*,*,*,*,*
"Directory",,,1,名詞,固有名詞,一般,*,*,*,*,*,*
"Disassembly",,,1,名詞,固有名詞,一般,*,*,*,*,*,*
"Disaster Recovery Plan",,,1,名詞,固有名詞,一般,*,*,*,*,*,*
"Discretionary Access Control",,,1,名詞,固有名詞,一般,*,*,*,*,*,*
"Disruption",,,1,名詞,固有名詞,一般,*,*,*,*,*,*
"Distance Vector",,,1,名詞,固有名詞,一般,*,*,*,*,*,*
"Distinguished Name",,,1,名詞,固有名詞,一般,*,*,*,*,*,*
"Distributed Denial of Service Attack",,,1,名詞,固有名詞,一般,*,*,*,*,*,*
"Distributed Denial of Service attack",,,1,名詞,固有名詞,一般,*,*,*,*,*,*
"Distributed Scans",,,1,名詞,固有名詞,一般,*,*,*,*,*,*
"Distributed denial of Service",,,1,名詞,固有名詞,一般,*,*,*,*,*,*
"DoS",,,1,名詞,固有名詞,一般,*,*,*,*,*,*
"DoS attack",,,1,名詞,固有名詞,一般,*,*,*,*,*,*
"DoS攻撃",,,1,名詞,固有名詞,一般,*,*,*,*,*,*
"Domain",,,1,名詞,固有名詞,一般,*,*,*,*,*,*
"Domain Hijacking",,,1,名詞,固有名詞,一般,*,*,*,*,*,*
"Domain Name",,,1,名詞,固有名詞,一般,*,*,*,*,*,*
"Domain Name System",,,1,名詞,固有名詞,一般,*,*,*,*,*,*
"Dos Boot-up Disk",,,1,名詞,固有名詞,一般,*,*,*,*,*,*
"Dos攻撃",,,1,名詞,固有名詞,一般,*,*,*,*,*,*
"Download",,,1,名詞,固有名詞,一般,*,*,*,*,*,*
"DreamBot",,,1,名詞,固有名詞,一般,*,*,*,*,*,*
"Drive-by-Download",,,1,名詞,固有名詞,一般,*,*,*,*,*,*
"Droppers",,,1,名詞,固有名詞,一般,*,*,*,*,*,*
"Dual Key Pairs",,,1,名詞,固有名詞,一般,*,*,*,*,*,*
"Due Care",,,1,名詞,固有名詞,一般,*,*,*,*,*,*
"Due Diligence",,,1,名詞,固有名詞,一般,*,*,*,*,*,*
"DumpSec",,,1,名詞,固有名詞,一般,*,*,*,*,*,*
"Dumpster Diving",,,1,名詞,固有名詞,一般,*,*,*,*,*,*
"Duqu",,,1,名詞,固有名詞,一般,*,*,*,*,*,*
"Dynamic Link Libraries",,,1,名詞,固有名詞,一般,*,*,*,*,*,*
"Dynamic Link Library",,,1,名詞,固有名詞,一般,*,*,*,*,*,*
"Dynamic Routing Protocol",,,1,名詞,固有名詞,一般,*,*,*,*,*,*
"E-R図",,,1,名詞,固有名詞,一般,*,*,*,*,*,*
"EA",,,1,名詞,固有名詞,一般,*,*,*,*,*,*
"EAP",,,1,名詞,固有名詞,一般,*,*,*,*,*,*
"EAP-TLS",,,1,名詞,固有名詞,一般,*,*,*,*,*,*
"EAP-TLS方式",,,1,名詞,固有名詞,一般,*,*,*,*,*,*
"ECC",,,1,名詞,固有名詞,一般,*,*,*,*,*,*
"ECサイト",,,1,名詞,固有名詞,一般,*,*,*,*,*,*
"EDR",,,1,名詞,固有名詞,一般,*,*,*,*,*,*
"EDoS攻撃",,,1,名詞,固有名詞,一般,*,*,*,*,*,*
"EGP",,,1,名詞,固有名詞,一般,*,*,*,*,*,*
"ELF",,,1,名詞,固有名詞,一般,*,*,*,*,*,*
"EMA",,,1,名詞,固有名詞,一般,*,*,*,*,*,*
"EMET",,,1,名詞,固有名詞,一般,*,*,*,*,*,*
"EPOC",,,1,名詞,固有名詞,一般,*,*,*,*,*,*
"ERPパッケージ",,,1,名詞,固有名詞,一般,*,*,*,*,*,*
"EUC",,,1,名詞,固有名詞,一般,*,*,*,*,*,*
"EV SSL",,,1,名詞,固有名詞,一般,*,*,*,*,*,*
"EV SSL証明書",,,1,名詞,固有名詞,一般,*,*,*,*,*,*
"EXE",,,1,名詞,固有名詞,一般,*,*,*,*,*,*
"EZ FeliCa",,,1,名詞,固有名詞,一般,*,*,*,*,*,*
"EZパスワード",,,1,名詞,固有名詞,一般,*,*,*,*,*,*
"Eavesdropping",,,1,名詞,固有名詞,一般,*,*,*,*,*,*
"Echo Reply",,,1,名詞,固有名詞,一般,*,*,*,*,*,*
"Echo Request",,,1,名詞,固有名詞,一般,*,*,*,*,*,*
"Egress Filtering",,,1,名詞,固有名詞,一般,*,*,*,*,*,*
"Electronic Signature",,,1,名詞,固有名詞,一般,*,*,*,*,*,*
"Emanations Analysis",,,1,名詞,固有名詞,一般,*,*,*,*,*,*
"Encapsulation",,,1,名詞,固有名詞,一般,*,*,*,*,*,*
"Encrypt",,,1,名詞,固有名詞,一般,*,*,*,*,*,*
"Encryption",,,1,名詞,固有名詞,一般,*,*,*,*,*,*
"Encryption Algorithm",,,1,名詞,固有名詞,一般,*,*,*,*,*,*
"Encryption Key Pair",,,1,名詞,固有名詞,一般,*,*,*,*,*,*
"End Entity",,,1,名詞,固有名詞,一般,*,*,*,*,*,*
"Endpoint Detection and Response",,,1,名詞,固有名詞,一般,*,*,*,*,*,*
"Enhanced Mitigation Experience Toolkit",,,1,名詞,固有名詞,一般,*,*,*,*,*,*
"Ephemeral Port",,,1,名詞,固有名詞,一般,*,*,*,*,*,*
"Escrow Passwords",,,1,名詞,固有名詞,一般,*,*,*,*,*,*
"EternalBlue",,,1,名詞,固有名詞,一般,*,*,*,*,*,*
"Ethernet",,,1,名詞,固有名詞,一般,*,*,*,*,*,*
"Event",,,1,名詞,固有名詞,一般,*,*,*,*,*,*
"Executable and Link Format",,,1,名詞,固有名詞,一般,*,*,*,*,*,*
"Exif",,,1,名詞,固有名詞,一般,*,*,*,*,*,*
"Exploit",,,1,名詞,固有名詞,一般,*,*,*,*,*,*
"Exploitability Index",,,1,名詞,固有名詞,一般,*,*,*,*,*,*
"Exponential Backoff Algorithm",,,1,名詞,固有名詞,一般,*,*,*,*,*,*
"Exposure",,,1,名詞,固有名詞,一般,*,*,*,*,*,*
"Extended ACLs",,,1,名詞,固有名詞,一般,*,*,*,*,*,*
"Extensible Authentication Protocol",,,1,名詞,固有名詞,一般,*,*,*,*,*,*
"Extension",,,1,名詞,固有名詞,一般,*,*,*,*,*,*
"Exterior Gateway Protocol",,,1,名詞,固有名詞,一般,*,*,*,*,*,*
"F5アタック",,,1,名詞,固有名詞,一般,*,*,*,*,*,*
"FAT",,,1,名詞,固有名詞,一般,*,*,*,*,*,*
"FEAL",,,1,名詞,固有名詞,一般,*,*,*,*,*,*
"FIDO",,,1,名詞,固有名詞,一般,*,*,*,*,*,*
"FIDOアライアンス",,,1,名詞,固有名詞,一般,*,*,*,*,*,*
"FIPS",,,1,名詞,固有名詞,一般,*,*,*,*,*,*
"FISC",,,1,名詞,固有名詞,一般,*,*,*,*,*,*
"FREAK",,,1,名詞,固有名詞,一般,*,*,*,*,*,*
"FRR",,,1,名詞,固有名詞,一般,*,*,*,*,*,*
"FSSC22000",,,1,名詞,固有名詞,一般,*,*,*,*,*,*
"FTP",,,1,名詞,固有名詞,一般,*,*,*,*,*,*
"FTP PASV",,,1,名詞,固有名詞,一般,*,*,*,*,*,*
"FTPバウンス攻撃",,,1,名詞,固有名詞,一般,*,*,*,*,*,*
"FaaS",,,1,名詞,固有名詞,一般,*,*,*,*,*,*
"False Rejects",,,1,名詞,固有名詞,一般,*,*,*,*,*,*
"Fast File System",,,1,名詞,固有名詞,一般,*,*,*,*,*,*
"Fast Flux",,,1,名詞,固有名詞,一般,*,*,*,*,*,*
"Fast-Flux攻撃",,,1,名詞,固有名詞,一般,*,*,*,*,*,*
"Fault Line Attacks",,,1,名詞,固有名詞,一般,*,*,*,*,*,*
"Federal Information Processing Standards",,,1,名詞,固有名詞,一般,*,*,*,*,*,*
"Feistel型",,,1,名詞,固有名詞,一般,*,*,*,*,*,*
"FeliCa",,,1,名詞,固有名詞,一般,*,*,*,*,*,*
"FeliCaロック",,,1,名詞,固有名詞,一般,*,*,*,*,*,*
"File Allocation Table",,,1,名詞,固有名詞,一般,*,*,*,*,*,*
"File Attribute",,,1,名詞,固有名詞,一般,*,*,*,*,*,*
"File Infecting Viruses",,,1,名詞,固有名詞,一般,*,*,*,*,*,*
"File Transfer Protocol",,,1,名詞,固有名詞,一般,*,*,*,*,*,*
"File Transfer Protocol PASV コマンド",,,1,名詞,固有名詞,一般,*,*,*,*,*,*
"FileVault",,,1,名詞,固有名詞,一般,*,*,*,*,*,*
"Filter",,,1,名詞,固有名詞,一般,*,*,*,*,*,*
"Filtering Router",,,1,名詞,固有名詞,一般,*,*,*,*,*,*
"Finger",,,1,名詞,固有名詞,一般,*,*,*,*,*,*
"Fingerprinting",,,1,名詞,固有名詞,一般,*,*,*,*,*,*
"FireWall-1",,,1,名詞,固有名詞,一般,*,*,*,*,*,*
"Firewall",,,1,名詞,固有名詞,一般,*,*,*,*,*,*
"Fix it",,,1,名詞,固有名詞,一般,*,*,*,*,*,*
"Flooding",,,1,名詞,固有名詞,一般,*,*,*,*,*,*
"Folder",,,1,名詞,固有名詞,一般,*,*,*,*,*,*
"Forceful Browsing",,,1,名詞,固有名詞,一般,*,*,*,*,*,*
"Forest",,,1,名詞,固有名詞,一般,*,*,*,*,*,*
"Fork Bomb",,,1,名詞,固有名詞,一般,*,*,*,*,*,*
"Form-Based Authentication",,,1,名詞,固有名詞,一般,*,*,*,*,*,*
"Format",,,1,名詞,固有名詞,一般,*,*,*,*,*,*
"Forward Lookup",,,1,名詞,固有名詞,一般,*,*,*,*,*,*
"Forward Proxy",,,1,名詞,固有名詞,一般,*,*,*,*,*,*
"Fragment Offset",,,1,名詞,固有名詞,一般,*,*,*,*,*,*
"Fragment Overlap Attack",,,1,名詞,固有名詞,一般,*,*,*,*,*,*
"Fragmentation",,,1,名詞,固有名詞,一般,*,*,*,*,*,*
"Frames",,,1,名詞,固有名詞,一般,*,*,*,*,*,*
"Full Duplex",,,1,名詞,固有名詞,一般,*,*,*,*,*,*
"Fully-Qualified Domain Name",,,1,名詞,固有名詞,一般,*,*,*,*,*,*
"Fuzzing",,,1,名詞,固有名詞,一般,*,*,*,*,*,*
"GDPR",,,1,名詞,固有名詞,一般,*,*,*,*,*,*
"GENOウィルス",,,1,名詞,固有名詞,一般,*,*,*,*,*,*
"GHOST",,,1,名詞,固有名詞,一般,*,*,*,*,*,*
"GMIT",,,1,名詞,固有名詞,一般,*,*,*,*,*,*
"GMITS",,,1,名詞,固有名詞,一般,*,*,*,*,*,*
"GNU",,,1,名詞,固有名詞,一般,*,*,*,*,*,*
"GPKI",,,1,名詞,固有名詞,一般,*,*,*,*,*,*
"GPS",,,1,名詞,固有名詞,一般,*,*,*,*,*,*
"GUI",,,1,名詞,固有名詞,一般,*,*,*,*,*,*
"Gateway",,,1,名詞,固有名詞,一般,*,*,*,*,*,*
"Geinimi",,,1,名詞,固有名詞,一般,*,*,*,*,*,*
"Gnutella",,,1,名詞,固有名詞,一般,*,*,*,*,*,*
"Google Hacking",,,1,名詞,固有名詞,一般,*,*,*,*,*,*
"Googleハッキング",,,1,名詞,固有名詞,一般,*,*,*,*,*,*
"Government PKI",,,1,名詞,固有名詞,一般,*,*,*,*,*,*
"Graph Search",,,1,名詞,固有名詞,一般,*,*,*,*,*,*
"Graymail",,,1,名詞,固有名詞,一般,*,*,*,*,*,*
"Grayware",,,1,名詞,固有名詞,一般,*,*,*,*,*,*
"Guidelines for the Management of IT Security",,,1,名詞,固有名詞,一般,*,*,*,*,*,*
"Gumblar",,,1,名詞,固有名詞,一般,*,*,*,*,*,*
"HRM",,,1,名詞,固有名詞,一般,*,*,*,*,*,*
"HTML",,,1,名詞,固有名詞,一般,*,*,*,*,*,*
"HTMLメール",,,1,名詞,固有名詞,一般,*,*,*,*,*,*
"HTTP",,,1,名詞,固有名詞,一般,*,*,*,*,*,*
"HTTP Proxy",,,1,名詞,固有名詞,一般,*,*,*,*,*,*
"HTTP cookie",,,1,名詞,固有名詞,一般,*,*,*,*,*,*
"HTTPS",,,1,名詞,固有名詞,一般,*,*,*,*,*,*
"HTTPヘッダ・インジェクション",,,1,名詞,固有名詞,一般,*,*,*,*,*,*
"HTTPレスポンススプリッティング",,,1,名詞,固有名詞,一般,*,*,*,*,*,*
"HUMINT",,,1,名詞,固有名詞,一般,*,*,*,*,*,*
"Hacker",,,1,名詞,固有名詞,一般,*,*,*,*,*,*
"Hacking",,,1,名詞,固有名詞,一般,*,*,*,*,*,*
"Hacking tools",,,1,名詞,固有名詞,一般,*,*,*,*,*,*
"Hacktivism",,,1,名詞,固有名詞,一般,*,*,*,*,*,*
"Hactivism",,,1,名詞,固有名詞,一般,*,*,*,*,*,*
"Hangup",,,1,名詞,固有名詞,一般,*,*,*,*,*,*
"Hardening",,,1,名詞,固有名詞,一般,*,*,*,*,*,*
"Hash Function",,,1,名詞,固有名詞,一般,*,*,*,*,*,*
"Hash Functions",,,1,名詞,固有名詞,一般,*,*,*,*,*,*
"Hash values",,,1,名詞,固有名詞,一般,*,*,*,*,*,*
"Header",,,1,名詞,固有名詞,一般,*,*,*,*,*,*
"Heartbleed",,,1,名詞,固有名詞,一般,*,*,*,*,*,*
"Heuristics",,,1,名詞,固有名詞,一般,*,*,*,*,*,*
"Hijack Attack",,,1,名詞,固有名詞,一般,*,*,*,*,*,*
"Hoax",,,1,名詞,固有名詞,一般,*,*,*,*,*,*
"Honey Client",,,1,名詞,固有名詞,一般,*,*,*,*,*,*
"Honey Pot",,,1,名詞,固有名詞,一般,*,*,*,*,*,*
"Honey pot",,,1,名詞,固有名詞,一般,*,*,*,*,*,*
"Honeymonkey",,,1,名詞,固有名詞,一般,*,*,*,*,*,*
"Hops",,,1,名詞,固有名詞,一般,*,*,*,*,*,*
"Host",,,1,名詞,固有名詞,一般,*,*,*,*,*,*
"Host Card Emulation",,,1,名詞,固有名詞,一般,*,*,*,*,*,*
"Host-Based ID",,,1,名詞,固有名詞,一般,*,*,*,*,*,*
"Hot Disaster Recovery Site",,,1,名詞,固有名詞,一般,*,*,*,*,*,*
"Hub",,,1,名詞,固有名詞,一般,*,*,*,*,*,*
"Hybrid Attack",,,1,名詞,固有名詞,一般,*,*,*,*,*,*
"Hybrid Encryption",,,1,名詞,固有名詞,一般,*,*,*,*,*,*
"Hyper-Text Transfer Protocol",,,1,名詞,固有名詞,一般,*,*,*,*,*,*
"Hyper-Text Transfer Protocol Secure",,,1,名詞,固有名詞,一般,*,*,*,*,*,*
"Hyperlink",,,1,名詞,固有名詞,一般,*,*,*,*,*,*
"Hypertext Markup Language",,,1,名詞,固有名詞,一般,*,*,*,*,*,*
"Hypertext Transfer Protocol",,,1,名詞,固有名詞,一般,*,*,*,*,*,*
"IA",,,1,名詞,固有名詞,一般,*,*,*,*,*,*
"IAM",,,1,名詞,固有名詞,一般,*,*,*,*,*,*
"ICANN",,,1,名詞,固有名詞,一般,*,*,*,*,*,*
"ICMP",,,1,名詞,固有名詞,一般,*,*,*,*,*,*
"ICMP Flood攻撃",,,1,名詞,固有名詞,一般,*,*,*,*,*,*
"ICPEN",,,1,名詞,固有名詞,一般,*,*,*,*,*,*
"ICQ",,,1,名詞,固有名詞,一般,*,*,*,*,*,*
"ICS",,,1,名詞,固有名詞,一般,*,*,*,*,*,*
"ICSA",,,1,名詞,固有名詞,一般,*,*,*,*,*,*
"ICカード",,,1,名詞,固有名詞,一般,*,*,*,*,*,*
"IDDoS攻撃",,,1,名詞,固有名詞,一般,*,*,*,*,*,*
"IDS",,,1,名詞,固有名詞,一般,*,*,*,*,*,*
"ID管理",,,1,名詞,固有名詞,一般,*,*,*,*,*,*
"IEC",,,1,名詞,固有名詞,一般,*,*,*,*,*,*
"IEEE",,,1,名詞,固有名詞,一般,*,*,*,*,*,*
"IEEE 1394",,,1,名詞,固有名詞,一般,*,*,*,*,*,*
"IEEE 802.1x",,,1,名詞,固有名詞,一般,*,*,*,*,*,*
"IEEE802.11ah",,,1,名詞,固有名詞,一般,*,*,*,*,*,*
"IEEE802.11ax",,,1,名詞,固有名詞,一般,*,*,*,*,*,*
"IEEE802.1X",,,1,名詞,固有名詞,一般,*,*,*,*,*,*
"IETF",,,1,名詞,固有名詞,一般,*,*,*,*,*,*
"IETF Security Area",,,1,名詞,固有名詞,一般,*,*,*,*,*,*
"IFRAME",,,1,名詞,固有名詞,一般,*,*,*,*,*,*
"IFRS",,,1,名詞,固有名詞,一般,*,*,*,*,*,*
"IGPKI",,,1,名詞,固有名詞,一般,*,*,*,*,*,*
"IIOP",,,1,名詞,固有名詞,一般,*,*,*,*,*,*
"IIS",,,1,名詞,固有名詞,一般,*,*,*,*,*,*
"ILM",,,1,名詞,固有名詞,一般,*,*,*,*,*,*
"IMAP",,,1,名詞,固有名詞,一般,*,*,*,*,*,*
"IMEI",,,1,名詞,固有名詞,一般,*,*,*,*,*,*
"IMSI",,,1,名詞,固有名詞,一般,*,*,*,*,*,*
"IP",,,1,名詞,固有名詞,一般,*,*,*,*,*,*
"IP Address",,,1,名詞,固有名詞,一般,*,*,*,*,*,*
"IP Flood",,,1,名詞,固有名詞,一般,*,*,*,*,*,*
"IP Forwarding",,,1,名詞,固有名詞,一般,*,*,*,*,*,*
"IP Spoofing",,,1,名詞,固有名詞,一般,*,*,*,*,*,*
"IP spoofing",,,1,名詞,固有名詞,一般,*,*,*,*,*,*
"IP spoofing attack",,,1,名詞,固有名詞,一般,*,*,*,*,*,*
"IP スプーフィング",,,1,名詞,固有名詞,一般,*,*,*,*,*,*
"IP スプーフィング攻撃",,,1,名詞,固有名詞,一般,*,*,*,*,*,*
"IP-VPN",,,1,名詞,固有名詞,一般,*,*,*,*,*,*
"IP66",,,1,名詞,固有名詞,一般,*,*,*,*,*,*
"IPA",,,1,名詞,固有名詞,一般,*,*,*,*,*,*
"IPA/ISEC",,,1,名詞,固有名詞,一般,*,*,*,*,*,*
"IPS",,,1,名詞,固有名詞,一般,*,*,*,*,*,*
"IPSec",,,1,名詞,固有名詞,一般,*,*,*,*,*,*
"IPsec",,,1,名詞,固有名詞,一般,*,*,*,*,*,*
"IPv6",,,1,名詞,固有名詞,一般,*,*,*,*,*,*
"IPアドレス",,,1,名詞,固有名詞,一般,*,*,*,*,*,*
"IPスプーフィング",,,1,名詞,固有名詞,一般,*,*,*,*,*,*
"IPスプーフィング攻撃",,,1,名詞,固有名詞,一般,*,*,*,*,*,*
"IRC",,,1,名詞,固有名詞,一般,*,*,*,*,*,*
"IRT",,,1,名詞,固有名詞,一般,*,*,*,*,*,*
"ISMS",,,1,名詞,固有名詞,一般,*,*,*,*,*,*
"ISMS適合性評価制度",,,1,名詞,固有名詞,一般,*,*,*,*,*,*
"ISO",,,1,名詞,固有名詞,一般,*,*,*,*,*,*
"ISO 9001",,,1,名詞,固有名詞,一般,*,*,*,*,*,*
"ISO/IEC 27005",,,1,名詞,固有名詞,一般,*,*,*,*,*,*
"ISO/IEC 27005:2008",,,1,名詞,固有名詞,一般,*,*,*,*,*,*
"ISO/IEC 27005：2008",,,1,名詞,固有名詞,一般,*,*,*,*,*,*
"ISO/IEC TR13335",,,1,名詞,固有名詞,一般,*,*,*,*,*,*
"ISO/IEC15408",,,1,名詞,固有名詞,一般,*,*,*,*,*,*
"ISO20000",,,1,名詞,固有名詞,一般,*,*,*,*,*,*
"ISO27001",,,1,名詞,固有名詞,一般,*,*,*,*,*,*
"ISOG-J",,,1,名詞,固有名詞,一般,*,*,*,*,*,*
"ITU-T",,,1,名詞,固有名詞,一般,*,*,*,*,*,*
"ITガバナンス",,,1,名詞,固有名詞,一般,*,*,*,*,*,*
"ITサービスマネジメント",,,1,名詞,固有名詞,一般,*,*,*,*,*,*
"ITサービス継続ガイドライン",,,1,名詞,固有名詞,一般,*,*,*,*,*,*
"IT資産管理",,,1,名詞,固有名詞,一般,*,*,*,*,*,*
"IaaS",,,1,名詞,固有名詞,一般,*,*,*,*,*,*
"Identity",,,1,名詞,固有名詞,一般,*,*,*,*,*,*
"In-the-wild",,,1,名詞,固有名詞,一般,*,*,*,*,*,*
"Incident",,,1,名詞,固有名詞,一般,*,*,*,*,*,*
"Incident Handling",,,1,名詞,固有名詞,一般,*,*,*,*,*,*
"Incident Response Team",,,1,名詞,固有名詞,一般,*,*,*,*,*,*
"Incremental Backups",,,1,名詞,固有名詞,一般,*,*,*,*,*,*
"Inetd",,,1,名詞,固有名詞,一般,*,*,*,*,*,*
"Inference Attack",,,1,名詞,固有名詞,一般,*,*,*,*,*,*
"Information Exposure",,,1,名詞,固有名詞,一般,*,*,*,*,*,*
"Information Security Management System",,,1,名詞,固有名詞,一般,*,*,*,*,*,*
"Information Warfare",,,1,名詞,固有名詞,一般,*,*,*,*,*,*
"Ingress Filtering",,,1,名詞,固有名詞,一般,*,*,*,*,*,*
"Input Validation Attacks",,,1,名詞,固有名詞,一般,*,*,*,*,*,*
"Install",,,1,名詞,固有名詞,一般,*,*,*,*,*,*
"Integrity",,,1,名詞,固有名詞,一般,*,*,*,*,*,*
"Integrity Star Property",,,1,名詞,固有名詞,一般,*,*,*,*,*,*
"Internet",,,1,名詞,固有名詞,一般,*,*,*,*,*,*
"Internet Control Message Protocol",,,1,名詞,固有名詞,一般,*,*,*,*,*,*
"Internet Engineering Task Force",,,1,名詞,固有名詞,一般,*,*,*,*,*,*
"Internet Engineering Task Force セキュリティエリア",,,1,名詞,固有名詞,一般,*,*,*,*,*,*
"Internet Message Access Protocol",,,1,名詞,固有名詞,一般,*,*,*,*,*,*
"Internet Protocol",,,1,名詞,固有名詞,一般,*,*,*,*,*,*
"Internet Protocol Address",,,1,名詞,固有名詞,一般,*,*,*,*,*,*
"Internet Protocol Security",,,1,名詞,固有名詞,一般,*,*,*,*,*,*
"Internet Relay Chat",,,1,名詞,固有名詞,一般,*,*,*,*,*,*
"Internet Standard",,,1,名詞,固有名詞,一般,*,*,*,*,*,*
"Internet of Things",,,1,名詞,固有名詞,一般,*,*,*,*,*,*
"Interrupt",,,1,名詞,固有名詞,一般,*,*,*,*,*,*
"Intranet",,,1,名詞,固有名詞,一般,*,*,*,*,*,*
"Intrusion Detection",,,1,名詞,固有名詞,一般,*,*,*,*,*,*
"Intrusion Detection System",,,1,名詞,固有名詞,一般,*,*,*,*,*,*
"IoT",,,1,名詞,固有名詞,一般,*,*,*,*,*,*
"Ipsec",,,1,名詞,固有名詞,一般,*,*,*,*,*,*
"Issue-Specific Policy",,,1,名詞,固有名詞,一般,*,*,*,*,*,*
"Issuer",,,1,名詞,固有名詞,一般,*,*,*,*,*,*
"Issuing Authority",,,1,名詞,固有名詞,一般,*,*,*,*,*,*
"J-CRAT",,,1,名詞,固有名詞,一般,*,*,*,*,*,*
"J-CSIP",,,1,名詞,固有名詞,一般,*,*,*,*,*,*
"J-SOX法",,,1,名詞,固有名詞,一般,*,*,*,*,*,*
"JC3",,,1,名詞,固有名詞,一般,*,*,*,*,*,*
"JCMVP",,,1,名詞,固有名詞,一般,*,*,*,*,*,*
"JIPDEC",,,1,名詞,固有名詞,一般,*,*,*,*,*,*
"JISEC",,,1,名詞,固有名詞,一般,*,*,*,*,*,*
"JNSA",,,1,名詞,固有名詞,一般,*,*,*,*,*,*
"JPCERT/CC",,,1,名詞,固有名詞,一般,*,*,*,*,*,*
"JPRS",,,1,名詞,固有名詞,一般,*,*,*,*,*,*
"JSONハイジャック",,,1,名詞,固有名詞,一般,*,*,*,*,*,*
"JSRedir-R",,,1,名詞,固有名詞,一般,*,*,*,*,*,*
"JSSEC",,,1,名詞,固有名詞,一般,*,*,*,*,*,*
"JVN",,,1,名詞,固有名詞,一般,*,*,*,*,*,*
"JVN iPedia",,,1,名詞,固有名詞,一般,*,*,*,*,*,*
"JailBreak",,,1,名詞,固有名詞,一般,*,*,*,*,*,*
"Jailbreak",,,1,名詞,固有名詞,一般,*,*,*,*,*,*
"Japan Computer Emergency Response Team / Coordination Center",,,1,名詞,固有名詞,一般,*,*,*,*,*,*
"Japan DKIM Working Group",,,1,名詞,固有名詞,一般,*,*,*,*,*,*
"Japan Information Processing Development Corporation",,,1,名詞,固有名詞,一般,*,*,*,*,*,*
"Java 2 Platform security",,,1,名詞,固有名詞,一般,*,*,*,*,*,*
"Java Applet",,,1,名詞,固有名詞,一般,*,*,*,*,*,*
"Java Servlet",,,1,名詞,固有名詞,一般,*,*,*,*,*,*
"JavaScript",,,1,名詞,固有名詞,一般,*,*,*,*,*,*
"Javaアプレット",,,1,名詞,固有名詞,一般,*,*,*,*,*,*
"Jitter",,,1,名詞,固有名詞,一般,*,*,*,*,*,*
"Joke programs",,,1,名詞,固有名詞,一般,*,*,*,*,*,*
"Jump Bag",,,1,名詞,固有名詞,一般,*,*,*,*,*,*
"KASUMI",,,1,名詞,固有名詞,一般,*,*,*,*,*,*
"KIVARS",,,1,名詞,固有名詞,一般,*,*,*,*,*,*
"KOOBFACE",,,1,名詞,固有名詞,一般,*,*,*,*,*,*
"KPI",,,1,名詞,固有名詞,一般,*,*,*,*,*,*
"Kantara Initiative",,,1,名詞,固有名詞,一般,*,*,*,*,*,*
"Kerberos",,,1,名詞,固有名詞,一般,*,*,*,*,*,*
"Kernel",,,1,名詞,固有名詞,一般,*,*,*,*,*,*
"Key",,,1,名詞,固有名詞,一般,*,*,*,*,*,*
"Key Exchange",,,1,名詞,固有名詞,一般,*,*,*,*,*,*
"Key Generation Material Random Numbers",,,1,名詞,固有名詞,一般,*,*,*,*,*,*
"Key Logger",,,1,名詞,固有名詞,一般,*,*,*,*,*,*
"Key Management",,,1,名詞,固有名詞,一般,*,*,*,*,*,*
"Key Pairs",,,1,名詞,固有名詞,一般,*,*,*,*,*,*
"Key Update",,,1,名詞,固有名詞,一般,*,*,*,*,*,*
"KeyUsage",,,1,名詞,固有名詞,一般,*,*,*,*,*,*
"Keyloggers",,,1,名詞,固有名詞,一般,*,*,*,*,*,*
"KeyringPDF",,,1,名詞,固有名詞,一般,*,*,*,*,*,*
"Kirin",,,1,名詞,固有名詞,一般,*,*,*,*,*,*
"L2F",,,1,名詞,固有名詞,一般,*,*,*,*,*,*
"L2TP",,,1,名詞,固有名詞,一般,*,*,*,*,*,*
"LAPS",,,1,名詞,固有名詞,一般,*,*,*,*,*,*
"LDAP",,,1,名詞,固有名詞,一般,*,*,*,*,*,*
"LINE",,,1,名詞,固有名詞,一般,*,*,*,*,*,*
"LKM",,,1,名詞,固有名詞,一般,*,*,*,*,*,*
"LPWA",,,1,名詞,固有名詞,一般,*,*,*,*,*,*
"LTE Cat-M1",,,1,名詞,固有名詞,一般,*,*,*,*,*,*
"Land",,,1,名詞,固有名詞,一般,*,*,*,*,*,*
"Lattice Techniques",,,1,名詞,固有名詞,一般,*,*,*,*,*,*
"Layer 2 Forwarding Protocol",,,1,名詞,固有名詞,一般,*,*,*,*,*,*
"Layer 2 Tunneling Protocol",,,1,名詞,固有名詞,一般,*,*,*,*,*,*
"Least Privilege",,,1,名詞,固有名詞,一般,*,*,*,*,*,*
"Legion",,,1,名詞,固有名詞,一般,*,*,*,*,*,*
"Lightweight Directory Access Protocol",,,1,名詞,固有名詞,一般,*,*,*,*,*,*
"Link State",,,1,名詞,固有名詞,一般,*,*,*,*,*,*
"List Based Access Control",,,1,名詞,固有名詞,一般,*,*,*,*,*,*
"LoRa",,,1,名詞,固有名詞,一般,*,*,*,*,*,*
"LoRaWAN",,,1,名詞,固有名詞,一般,*,*,*,*,*,*
"Loadable Kernel Modules",,,1,名詞,固有名詞,一般,*,*,*,*,*,*
"Local Administrator Password Solution",,,1,名詞,固有名詞,一般,*,*,*,*,*,*
"Locky",,,1,名詞,固有名詞,一般,*,*,*,*,*,*
"Log Clipping",,,1,名詞,固有名詞,一般,*,*,*,*,*,*
"Logic Gate",,,1,名詞,固有名詞,一般,*,*,*,*,*,*
"Logic bombs",,,1,名詞,固有名詞,一般,*,*,*,*,*,*
"Logjam",,,1,名詞,固有名詞,一般,*,*,*,*,*,*
"Loopback Address",,,1,名詞,固有名詞,一般,*,*,*,*,*,*
"M&A",,,1,名詞,固有名詞,一般,*,*,*,*,*,*
"MAC",,,1,名詞,固有名詞,一般,*,*,*,*,*,*
"MAC Address",,,1,名詞,固有名詞,一般,*,*,*,*,*,*
"MACアドレス",,,1,名詞,固有名詞,一般,*,*,*,*,*,*
"MBR",,,1,名詞,固有名詞,一般,*,*,*,*,*,*
"MBR: Master Boot Record",,,1,名詞,固有名詞,一般,*,*,*,*,*,*
"MD5",,,1,名詞,固有名詞,一般,*,*,*,*,*,*
"MEID",,,1,名詞,固有名詞,一般,*,*,*,*,*,*
"MG",,,1,名詞,固有名詞,一般,*,*,*,*,*,*
"MISTY",,,1,名詞,固有名詞,一般,*,*,*,*,*,*
"MITB",,,1,名詞,固有名詞,一般,*,*,*,*,*,*
"MITB攻撃",,,1,名詞,固有名詞,一般,*,*,*,*,*,*
"MITM",,,1,名詞,固有名詞,一般,*,*,*,*,*,*
"MOE",,,1,名詞,固有名詞,一般,*,*,*,*,*,*
"MRP",,,1,名詞,固有名詞,一般,*,*,*,*,*,*
"MUGI",,,1,名詞,固有名詞,一般,*,*,*,*,*,*
"MacSweeper",,,1,名詞,固有名詞,一般,*,*,*,*,*,*
"Machine Learning",,,1,名詞,固有名詞,一般,*,*,*,*,*,*
"Macro",,,1,名詞,固有名詞,一般,*,*,*,*,*,*
"Macro Virus",,,1,名詞,固有名詞,一般,*,*,*,*,*,*
"MacroVirus",,,1,名詞,固有名詞,一般,*,*,*,*,*,*
"Mailer",,,1,名詞,固有名詞,一般,*,*,*,*,*,*
"Malicious Code",,,1,名詞,固有名詞,一般,*,*,*,*,*,*
"Malvertisement",,,1,名詞,固有名詞,一般,*,*,*,*,*,*
"Malware",,,1,名詞,固有名詞,一般,*,*,*,*,*,*
"Mandatory Access Control",,,1,名詞,固有名詞,一般,*,*,*,*,*,*
"Masquerade Attack",,,1,名詞,固有名詞,一般,*,*,*,*,*,*
"Master Boot Record",,,1,名詞,固有名詞,一般,*,*,*,*,*,*
"Measures of Effectiveness",,,1,名詞,固有名詞,一般,*,*,*,*,*,*
"Mebroot",,,1,名詞,固有名詞,一般,*,*,*,*,*,*
"Memory Resident",,,1,名詞,固有名詞,一般,*,*,*,*,*,*
"Memory Resident Type",,,1,名詞,固有名詞,一般,*,*,*,*,*,*
"Memory resident",,,1,名詞,固有名詞,一般,*,*,*,*,*,*
"Message Authentication Code",,,1,名詞,固有名詞,一般,*,*,*,*,*,*
"Message Digest 5",,,1,名詞,固有名詞,一般,*,*,*,*,*,*
"MiTM",,,1,名詞,固有名詞,一般,*,*,*,*,*,*
"Microsoft Safety Scanner",,,1,名詞,固有名詞,一般,*,*,*,*,*,*
"Microsoft Security Essentials",,,1,名詞,固有名詞,一般,*,*,*,*,*,*
"Mirai",,,1,名詞,固有名詞,一般,*,*,*,*,*,*
"Misuse Detection",,,1,名詞,固有名詞,一般,*,*,*,*,*,*
"Monoculture",,,1,名詞,固有名詞,一般,*,*,*,*,*,*
"Morris Worm",,,1,名詞,固有名詞,一般,*,*,*,*,*,*
"Morto",,,1,名詞,固有名詞,一般,*,*,*,*,*,*
"Muling",,,1,名詞,固有名詞,一般,*,*,*,*,*,*
"Multi-Cast",,,1,名詞,固有名詞,一般,*,*,*,*,*,*
"Multi-Homed",,,1,名詞,固有名詞,一般,*,*,*,*,*,*
"Multiplexing",,,1,名詞,固有名詞,一般,*,*,*,*,*,*
"Mutual Authentication",,,1,名詞,固有名詞,一般,*,*,*,*,*,*
"Mytob",,,1,名詞,固有名詞,一般,*,*,*,*,*,*
"NAP",,,1,名詞,固有名詞,一般,*,*,*,*,*,*
"NAT",,,1,名詞,固有名詞,一般,*,*,*,*,*,*
"NDA",,,1,名詞,固有名詞,一般,*,*,*,*,*,*
"NDRスパム",,,1,名詞,固有名詞,一般,*,*,*,*,*,*
"NFRM",,,1,名詞,固有名詞,一般,*,*,*,*,*,*
"NICT",,,1,名詞,固有名詞,一般,*,*,*,*,*,*
"NISC",,,1,名詞,固有名詞,一般,*,*,*,*,*,*
"NIST",,,1,名詞,固有名詞,一般,*,*,*,*,*,*
"NTP",,,1,名詞,固有名詞,一般,*,*,*,*,*,*
"National Institute Of Standards And Technology",,,1,名詞,固有名詞,一般,*,*,*,*,*,*
"National Institute of Standards and Technology",,,1,名詞,固有名詞,一般,*,*,*,*,*,*
"Natural Disaster",,,1,名詞,固有名詞,一般,*,*,*,*,*,*
"Nessus",,,1,名詞,固有名詞,一般,*,*,*,*,*,*
"Netmask",,,1,名詞,固有名詞,一般,*,*,*,*,*,*
"Netsky",,,1,名詞,固有名詞,一般,*,*,*,*,*,*
"Network Address Translation",,,1,名詞,固有名詞,一般,*,*,*,*,*,*
"Network Mapping",,,1,名詞,固有名詞,一般,*,*,*,*,*,*
"Network Taps",,,1,名詞,固有名詞,一般,*,*,*,*,*,*
"Network Time Protocol",,,1,名詞,固有名詞,一般,*,*,*,*,*,*
"Network-Based IDS",,,1,名詞,固有名詞,一般,*,*,*,*,*,*
"Next Generation Firewall",,,1,名詞,固有名詞,一般,*,*,*,*,*,*
"Nine-Ball",,,1,名詞,固有名詞,一般,*,*,*,*,*,*
"No More Ransom",,,1,名詞,固有名詞,一般,*,*,*,*,*,*
"Non-Printable Character",,,1,名詞,固有名詞,一般,*,*,*,*,*,*
"Non-Repudiation",,,1,名詞,固有名詞,一般,*,*,*,*,*,*
"Notarization",,,1,名詞,固有名詞,一般,*,*,*,*,*,*
"Notary",,,1,名詞,固有名詞,一般,*,*,*,*,*,*
"Null Session",,,1,名詞,固有名詞,一般,*,*,*,*,*,*
"OCSP",,,1,名詞,固有名詞,一般,*,*,*,*,*,*
"OID",,,1,名詞,固有名詞,一般,*,*,*,*,*,*
"OJT",,,1,名詞,固有名詞,一般,*,*,*,*,*,*
"OP25B",,,1,名詞,固有名詞,一般,*,*,*,*,*,*
"OS",,,1,名詞,固有名詞,一般,*,*,*,*,*,*
"OSI",,,1,名詞,固有名詞,一般,*,*,*,*,*,*
"OSI layers",,,1,名詞,固有名詞,一般,*,*,*,*,*,*
"OSINT",,,1,名詞,固有名詞,一般,*,*,*,*,*,*
"OSPF",,,1,名詞,固有名詞,一般,*,*,*,*,*,*
"OSコマンド・インジェクション",,,1,名詞,固有名詞,一般,*,*,*,*,*,*
"OSコマンドインジェクション",,,1,名詞,固有名詞,一般,*,*,*,*,*,*
"OTP",,,1,名詞,固有名詞,一般,*,*,*,*,*,*
"OTR",,,1,名詞,固有名詞,一般,*,*,*,*,*,*
"OWASP",,,1,名詞,固有名詞,一般,*,*,*,*,*,*
"Obfuscation",,,1,名詞,固有名詞,一般,*,*,*,*,*,*
"Object Identifier",,,1,名詞,固有名詞,一般,*,*,*,*,*,*
"Octet",,,1,名詞,固有名詞,一般,*,*,*,*,*,*
"Off-the-Record Messaging",,,1,名詞,固有名詞,一般,*,*,*,*,*,*
"Office製品",,,1,名詞,固有名詞,一般,*,*,*,*,*,*
"One Time Password",,,1,名詞,固有名詞,一般,*,*,*,*,*,*
"One-Way Encryption",,,1,名詞,固有名詞,一般,*,*,*,*,*,*
"One-Way Function",,,1,名詞,固有名詞,一般,*,*,*,*,*,*
"Online Certificate Status Protocol",,,1,名詞,固有名詞,一般,*,*,*,*,*,*
"Open Shortest Path First",,,1,名詞,固有名詞,一般,*,*,*,*,*,*
"OpenID",,,1,名詞,固有名詞,一般,*,*,*,*,*,*
"OpenID Connect",,,1,名詞,固有名詞,一般,*,*,*,*,*,*
"OpenPGP",,,1,名詞,固有名詞,一般,*,*,*,*,*,*
"OpenSSH",,,1,名詞,固有名詞,一般,*,*,*,*,*,*
"OpenSSL",,,1,名詞,固有名詞,一般,*,*,*,*,*,*
"OpenSSLの脆弱性",,,1,名詞,固有名詞,一般,*,*,*,*,*,*
"Operating System",,,1,名詞,固有名詞,一般,*,*,*,*,*,*
"Outbound Port25 Blocking",,,1,名詞,固有名詞,一般,*,*,*,*,*,*
"Overall risk rating",,,1,名詞,固有名詞,一般,*,*,*,*,*,*
"Overload",,,1,名詞,固有名詞,一般,*,*,*,*,*,*
"P2P",,,1,名詞,固有名詞,一般,*,*,*,*,*,*
"PAM",,,1,名詞,固有名詞,一般,*,*,*,*,*,*
"PAP",,,1,名詞,固有名詞,一般,*,*,*,*,*,*
"PCI DSS",,,1,名詞,固有名詞,一般,*,*,*,*,*,*
"PCログオンシステム",,,1,名詞,固有名詞,一般,*,*,*,*,*,*
"PDF",,,1,名詞,固有名詞,一般,*,*,*,*,*,*
"PE",,,1,名詞,固有名詞,一般,*,*,*,*,*,*
"PER",,,1,名詞,固有名詞,一般,*,*,*,*,*,*
"PFS",,,1,名詞,固有名詞,一般,*,*,*,*,*,*
"PGP",,,1,名詞,固有名詞,一般,*,*,*,*,*,*
"PGPTM",,,1,名詞,固有名詞,一般,*,*,*,*,*,*
"PIN",,,1,名詞,固有名詞,一般,*,*,*,*,*,*
"PINコード",,,1,名詞,固有名詞,一般,*,*,*,*,*,*
"PIPA",,,1,名詞,固有名詞,一般,*,*,*,*,*,*
"PKCS",,,1,名詞,固有名詞,一般,*,*,*,*,*,*
"PKI",,,1,名詞,固有名詞,一般,*,*,*,*,*,*
"PKIX",,,1,名詞,固有名詞,一般,*,*,*,*,*,*
"PLEAD",,,1,名詞,固有名詞,一般,*,*,*,*,*,*
"PMBOK",,,1,名詞,固有名詞,一般,*,*,*,*,*,*
"POC",,,1,名詞,固有名詞,一般,*,*,*,*,*,*
"POODLE",,,1,名詞,固有名詞,一般,*,*,*,*,*,*
"POP",,,1,名詞,固有名詞,一般,*,*,*,*,*,*
"POP before SMTP",,,1,名詞,固有名詞,一般,*,*,*,*,*,*
"POP3",,,1,名詞,固有名詞,一般,*,*,*,*,*,*
"POP3 APOP",,,1,名詞,固有名詞,一般,*,*,*,*,*,*
"POP3 AUTH",,,1,名詞,固有名詞,一般,*,*,*,*,*,*
"POSA",,,1,名詞,固有名詞,一般,*,*,*,*,*,*
"POSレジ",,,1,名詞,固有名詞,一般,*,*,*,*,*,*
"PPM",,,1,名詞,固有名詞,一般,*,*,*,*,*,*
"PPP",,,1,名詞,固有名詞,一般,*,*,*,*,*,*
"PPTP",,,1,名詞,固有名詞,一般,*,*,*,*,*,*
"PROCファイル",,,1,名詞,固有名詞,一般,*,*,*,*,*,*
"PUA",,,1,名詞,固有名詞,一般,*,*,*,*,*,*
"PaaS",,,1,名詞,固有名詞,一般,*,*,*,*,*,*
"Packet",,,1,名詞,固有名詞,一般,*,*,*,*,*,*
"Packet Filtering",,,1,名詞,固有名詞,一般,*,*,*,*,*,*
"Packet Switched Network",,,1,名詞,固有名詞,一般,*,*,*,*,*,*
"Partition",,,1,名詞,固有名詞,一般,*,*,*,*,*,*
"Partitions",,,1,名詞,固有名詞,一般,*,*,*,*,*,*
"Pass Phrase",,,1,名詞,固有名詞,一般,*,*,*,*,*,*
"Password Authentication Protocol",,,1,名詞,固有名詞,一般,*,*,*,*,*,*
"Password Cracking",,,1,名詞,固有名詞,一般,*,*,*,*,*,*
"Password Cracking Application",,,1,名詞,固有名詞,一般,*,*,*,*,*,*
"Password Sniffing",,,1,名詞,固有名詞,一般,*,*,*,*,*,*
"Patation",,,1,名詞,固有名詞,一般,*,*,*,*,*,*
"Patch",,,1,名詞,固有名詞,一般,*,*,*,*,*,*
"Patching",,,1,名詞,固有名詞,一般,*,*,*,*,*,*
"Pattern File",,,1,名詞,固有名詞,一般,*,*,*,*,*,*
"Payload",,,1,名詞,固有名詞,一般,*,*,*,*,*,*
"Payment Card Industry Data Security Standards",,,1,名詞,固有名詞,一般,*,*,*,*,*,*
"Peer-To-Peer Cross-Certification",,,1,名詞,固有名詞,一般,*,*,*,*,*,*
"Penetration",,,1,名詞,固有名詞,一般,*,*,*,*,*,*
"Penetration Testing",,,1,名詞,固有名詞,一般,*,*,*,*,*,*
"Penetration test",,,1,名詞,固有名詞,一般,*,*,*,*,*,*
"Perl",,,1,名詞,固有名詞,一般,*,*,*,*,*,*
"Permutation",,,1,名詞,固有名詞,一般,*,*,*,*,*,*
"Personal Firewalls",,,1,名詞,固有名詞,一般,*,*,*,*,*,*
"Personal Identification Number",,,1,名詞,固有名詞,一般,*,*,*,*,*,*
"Pharming",,,1,名詞,固有名詞,一般,*,*,*,*,*,*
"Phishing",,,1,名詞,固有名詞,一般,*,*,*,*,*,*
"Ping Scan",,,1,名詞,固有名詞,一般,*,*,*,*,*,*
"Ping Sweep",,,1,名詞,固有名詞,一般,*,*,*,*,*,*
"Ping of Death",,,1,名詞,固有名詞,一般,*,*,*,*,*,*
"Plaintext",,,1,名詞,固有名詞,一般,*,*,*,*,*,*
"Pluggable Authentication Modules",,,1,名詞,固有名詞,一般,*,*,*,*,*,*
"PoC",,,1,名詞,固有名詞,一般,*,*,*,*,*,*
"PoP",,,1,名詞,固有名詞,一般,*,*,*,*,*,*
"Point Of Contact",,,1,名詞,固有名詞,一般,*,*,*,*,*,*
"Point-to-Point Protocol",,,1,名詞,固有名詞,一般,*,*,*,*,*,*
"Point-to-Point Tunneling Protocol",,,1,名詞,固有名詞,一般,*,*,*,*,*,*
"Poison Reverse",,,1,名詞,固有名詞,一般,*,*,*,*,*,*
"Policy Management Authority",,,1,名詞,固有名詞,一般,*,*,*,*,*,*
"Policy Mapping",,,1,名詞,固有名詞,一般,*,*,*,*,*,*
"Polyinstantiation",,,1,名詞,固有名詞,一般,*,*,*,*,*,*
"Polymorphic virus",,,1,名詞,固有名詞,一般,*,*,*,*,*,*
"Polymorphism",,,1,名詞,固有名詞,一般,*,*,*,*,*,*
"Pop-up window",,,1,名詞,固有名詞,一般,*,*,*,*,*,*
"Port",,,1,名詞,固有名詞,一般,*,*,*,*,*,*
"Port Scan",,,1,名詞,固有名詞,一般,*,*,*,*,*,*
"Portable Executable",,,1,名詞,固有名詞,一般,*,*,*,*,*,*
"Portable executable",,,1,名詞,固有名詞,一般,*,*,*,*,*,*
"Possession",,,1,名詞,固有名詞,一般,*,*,*,*,*,*
"Post Office Protocol v3 APOP コマンド",,,1,名詞,固有名詞,一般,*,*,*,*,*,*
"Post Office Protocol v3 AUTH コマンド",,,1,名詞,固有名詞,一般,*,*,*,*,*,*
"Post Office ProtocolVersion 3",,,1,名詞,固有名詞,一般,*,*,*,*,*,*
"Potentially Unwanted Application",,,1,名詞,固有名詞,一般,*,*,*,*,*,*
"Practical Extraction and Reporting Language",,,1,名詞,固有名詞,一般,*,*,*,*,*,*
"Preamble",,,1,名詞,固有名詞,一般,*,*,*,*,*,*
"Pretty Good Privacy",,,1,名詞,固有名詞,一般,*,*,*,*,*,*
"Private Addressing",,,1,名詞,固有名詞,一般,*,*,*,*,*,*
"Private Key",,,1,名詞,固有名詞,一般,*,*,*,*,*,*
"Program Infector",,,1,名詞,固有名詞,一般,*,*,*,*,*,*
"Program Policy",,,1,名詞,固有名詞,一般,*,*,*,*,*,*
"Promiscuous Mode",,,1,名詞,固有名詞,一般,*,*,*,*,*,*
"Proof Of Possession",,,1,名詞,固有名詞,一般,*,*,*,*,*,*
"Proof-of-Concept",,,1,名詞,固有名詞,一般,*,*,*,*,*,*
"Proof-of-concept threat",,,1,名詞,固有名詞,一般,*,*,*,*,*,*
"Proprietary Information",,,1,名詞,固有名詞,一般,*,*,*,*,*,*
"Protocol",,,1,名詞,固有名詞,一般,*,*,*,*,*,*
"Protocol Stacks",,,1,名詞,固有名詞,一般,*,*,*,*,*,*
"Proxy",,,1,名詞,固有名詞,一般,*,*,*,*,*,*
"Proxy Server",,,1,名詞,固有名詞,一般,*,*,*,*,*,*
"Proxy server",,,1,名詞,固有名詞,一般,*,*,*,*,*,*
"Public Key",,,1,名詞,固有名詞,一般,*,*,*,*,*,*
"Public Key Certificate",,,1,名詞,固有名詞,一般,*,*,*,*,*,*
"Public Key Cryptography",,,1,名詞,固有名詞,一般,*,*,*,*,*,*
"Public Key Encryption",,,1,名詞,固有名詞,一般,*,*,*,*,*,*
"Public Key Infrastructure",,,1,名詞,固有名詞,一般,*,*,*,*,*,*
"Public Key Infrastructure working group",,,1,名詞,固有名詞,一般,*,*,*,*,*,*
"Public-Key Forward Secrecy",,,1,名詞,固有名詞,一般,*,*,*,*,*,*
"Pマーク",,,1,名詞,固有名詞,一般,*,*,*,*,*,*
"QAZ",,,1,名詞,固有名詞,一般,*,*,*,*,*,*
"QC",,,1,名詞,固有名詞,一般,*,*,*,*,*,*
"QoS",,,1,名詞,固有名詞,一般,*,*,*,*,*,*
"Qualified Certificate",,,1,名詞,固有名詞,一般,*,*,*,*,*,*
"Quarantined files",,,1,名詞,固有名詞,一般,*,*,*,*,*,*
"RA",,,1,名詞,固有名詞,一般,*,*,*,*,*,*
"RA Policy Management",,,1,名詞,固有名詞,一般,*,*,*,*,*,*
"RA ポリシー管理",,,1,名詞,固有名詞,一般,*,*,*,*,*,*
"RADIUS",,,1,名詞,固有名詞,一般,*,*,*,*,*,*
"RAID",,,1,名詞,固有名詞,一般,*,*,*,*,*,*
"RAID6",,,1,名詞,固有名詞,一般,*,*,*,*,*,*
"RAM",,,1,名詞,固有名詞,一般,*,*,*,*,*,*
"RARP",,,1,名詞,固有名詞,一般,*,*,*,*,*,*
"RAS",,,1,名詞,固有名詞,一般,*,*,*,*,*,*
"RAT",,,1,名詞,固有名詞,一般,*,*,*,*,*,*
"RC5",,,1,名詞,固有名詞,一般,*,*,*,*,*,*
"RCA",,,1,名詞,固有名詞,一般,*,*,*,*,*,*
"RFC",,,1,名詞,固有名詞,一般,*,*,*,*,*,*
"RFI攻撃",,,1,名詞,固有名詞,一般,*,*,*,*,*,*
"RIP",,,1,名詞,固有名詞,一般,*,*,*,*,*,*
"RLO",,,1,名詞,固有名詞,一般,*,*,*,*,*,*
"RMT",,,1,名詞,固有名詞,一般,*,*,*,*,*,*
"ROI",,,1,名詞,固有名詞,一般,*,*,*,*,*,*
"RPC Scans",,,1,名詞,固有名詞,一般,*,*,*,*,*,*
"RSA",,,1,名詞,固有名詞,一般,*,*,*,*,*,*
"RSBAC",,,1,名詞,固有名詞,一般,*,*,*,*,*,*
"RaaS",,,1,名詞,固有名詞,一般,*,*,*,*,*,*
"Race Condition",,,1,名詞,固有名詞,一般,*,*,*,*,*,*
"Radiation Monitoring",,,1,名詞,固有名詞,一般,*,*,*,*,*,*
"Ransomware",,,1,名詞,固有名詞,一般,*,*,*,*,*,*
"Reconnaissance",,,1,名詞,固有名詞,一般,*,*,*,*,*,*
"Referral",,,1,名詞,固有名詞,一般,*,*,*,*,*,*
"Reflexive ACLs",,,1,名詞,固有名詞,一般,*,*,*,*,*,*
"Registration Authority",,,1,名詞,固有名詞,一般,*,*,*,*,*,*
"Registry",,,1,名詞,固有名詞,一般,*,*,*,*,*,*
"Relying Party",,,1,名詞,固有名詞,一般,*,*,*,*,*,*
"Remote Access Service",,,1,名詞,固有名詞,一般,*,*,*,*,*,*
"Remote Authentication Dial In User Service",,,1,名詞,固有名詞,一般,*,*,*,*,*,*
"Remote access programs",,,1,名詞,固有名詞,一般,*,*,*,*,*,*
"Remote access tools",,,1,名詞,固有名詞,一般,*,*,*,*,*,*
"Reported infections",,,1,名詞,固有名詞,一般,*,*,*,*,*,*
"Repository",,,1,名詞,固有名詞,一般,*,*,*,*,*,*
"Request for Comment",,,1,名詞,固有名詞,一般,*,*,*,*,*,*
"Resource Exhaustion",,,1,名詞,固有名詞,一般,*,*,*,*,*,*
"Response",,,1,名詞,固有名詞,一般,*,*,*,*,*,*
"Reverse Address Resolution Protocol",,,1,名詞,固有名詞,一般,*,*,*,*,*,*
"Reverse Engineering",,,1,名詞,固有名詞,一般,*,*,*,*,*,*
"Reverse Lookup",,,1,名詞,固有名詞,一般,*,*,*,*,*,*
"Reverse Proxy",,,1,名詞,固有名詞,一般,*,*,*,*,*,*
"Revocation",,,1,名詞,固有名詞,一般,*,*,*,*,*,*
"Revoke A Certificate",,,1,名詞,固有名詞,一般,*,*,*,*,*,*
"Rich Text Format",,,1,名詞,固有名詞,一般,*,*,*,*,*,*
"Right-to-Left Override",,,1,名詞,固有名詞,一般,*,*,*,*,*,*
"Risk",,,1,名詞,固有名詞,一般,*,*,*,*,*,*
"Risk Assessment",,,1,名詞,固有名詞,一般,*,*,*,*,*,*
"Risk Averse",,,1,名詞,固有名詞,一般,*,*,*,*,*,*
"Rivest-Shamir-Adleman",,,1,名詞,固有名詞,一般,*,*,*,*,*,*
"Rogue antivirus",,,1,名詞,固有名詞,一般,*,*,*,*,*,*
"Role Based Access Control",,,1,名詞,固有名詞,一般,*,*,*,*,*,*
"Root",,,1,名詞,固有名詞,一般,*,*,*,*,*,*
"Root CA",,,1,名詞,固有名詞,一般,*,*,*,*,*,*
"Rootkit",,,1,名詞,固有名詞,一般,*,*,*,*,*,*
"Router",,,1,名詞,固有名詞,一般,*,*,*,*,*,*
"Routing Information Protocol",,,1,名詞,固有名詞,一般,*,*,*,*,*,*
"Routing Loop",,,1,名詞,固有名詞,一般,*,*,*,*,*,*
"Rule Set Based Access Control",,,1,名詞,固有名詞,一般,*,*,*,*,*,*
"S/Key",,,1,名詞,固有名詞,一般,*,*,*,*,*,*
"S/MIME",,,1,名詞,固有名詞,一般,*,*,*,*,*,*
"SBC",,,1,名詞,固有名詞,一般,*,*,*,*,*,*
"SCAP",,,1,名詞,固有名詞,一般,*,*,*,*,*,*
"SCM",,,1,名詞,固有名詞,一般,*,*,*,*,*,*
"SD-Audio",,,1,名詞,固有名詞,一般,*,*,*,*,*,*
"SD-Binding",,,1,名詞,固有名詞,一般,*,*,*,*,*,*
"SD-Video",,,1,名詞,固有名詞,一般,*,*,*,*,*,*
"SDL",,,1,名詞,固有名詞,一般,*,*,*,*,*,*
"SDN",,,1,名詞,固有名詞,一般,*,*,*,*,*,*
"SELinux",,,1,名詞,固有名詞,一般,*,*,*,*,*,*
"SEO",,,1,名詞,固有名詞,一般,*,*,*,*,*,*
"SEOポイズニング",,,1,名詞,固有名詞,一般,*,*,*,*,*,*
"SET",,,1,名詞,固有名詞,一般,*,*,*,*,*,*
"SFA",,,1,名詞,固有名詞,一般,*,*,*,*,*,*
"SHA-1",,,1,名詞,固有名詞,一般,*,*,*,*,*,*
"SHA1",,,1,名詞,固有名詞,一般,*,*,*,*,*,*
"SIA",,,1,名詞,固有名詞,一般,*,*,*,*,*,*
"SIEM",,,1,名詞,固有名詞,一般,*,*,*,*,*,*
"SIGINT",,,1,名詞,固有名詞,一般,*,*,*,*,*,*
"SIM",,,1,名詞,固有名詞,一般,*,*,*,*,*,*
"SIMフリー",,,1,名詞,固有名詞,一般,*,*,*,*,*,*
"SIM認証",,,1,名詞,固有名詞,一般,*,*,*,*,*,*
"SIS",,,1,名詞,固有名詞,一般,*,*,*,*,*,*
"SLA",,,1,名詞,固有名詞,一般,*,*,*,*,*,*
"SLM",,,1,名詞,固有名詞,一般,*,*,*,*,*,*
"SMB",,,1,名詞,固有名詞,一般,*,*,*,*,*,*
"SMS",,,1,名詞,固有名詞,一般,*,*,*,*,*,*
"SMTP",,,1,名詞,固有名詞,一般,*,*,*,*,*,*
"SMTP AUTH",,,1,名詞,固有名詞,一般,*,*,*,*,*,*
"SMTP-AUTH",,,1,名詞,固有名詞,一般,*,*,*,*,*,*
"SMiShing",,,1,名詞,固有名詞,一般,*,*,*,*,*,*
"SNMP",,,1,名詞,固有名詞,一般,*,*,*,*,*,*
"SOA",,,1,名詞,固有名詞,一般,*,*,*,*,*,*
"SOC",,,1,名詞,固有名詞,一般,*,*,*,*,*,*
"SOCKS",,,1,名詞,固有名詞,一般,*,*,*,*,*,*
"SOPA",,,1,名詞,固有名詞,一般,*,*,*,*,*,*
"SPF",,,1,名詞,固有名詞,一般,*,*,*,*,*,*
"SPIT",,,1,名詞,固有名詞,一般,*,*,*,*,*,*
"SPREAD",,,1,名詞,固有名詞,一般,*,*,*,*,*,*
"SPSC",,,1,名詞,固有名詞,一般,*,*,*,*,*,*
"SQL",,,1,名詞,固有名詞,一般,*,*,*,*,*,*
"SQL Injection",,,1,名詞,固有名詞,一般,*,*,*,*,*,*
"SQLインジェクション",,,1,名詞,固有名詞,一般,*,*,*,*,*,*
"SSFC",,,1,名詞,固有名詞,一般,*,*,*,*,*,*
"SSH",,,1,名詞,固有名詞,一般,*,*,*,*,*,*
"SSID",,,1,名詞,固有名詞,一般,*,*,*,*,*,*
"SSL",,,1,名詞,固有名詞,一般,*,*,*,*,*,*
"SSLサーバ証明書",,,1,名詞,固有名詞,一般,*,*,*,*,*,*
"SSL証明書",,,1,名詞,固有名詞,一般,*,*,*,*,*,*
"SSO",,,1,名詞,固有名詞,一般,*,*,*,*,*,*
"STRIDE手法",,,1,名詞,固有名詞,一般,*,*,*,*,*,*
"SWOT",,,1,名詞,固有名詞,一般,*,*,*,*,*,*
"SYN",,,1,名詞,固有名詞,一般,*,*,*,*,*,*
"SYN Flood",,,1,名詞,固有名詞,一般,*,*,*,*,*,*
"SYN flood attack",,,1,名詞,固有名詞,一般,*,*,*,*,*,*
"SYN フラッド攻撃",,,1,名詞,固有名詞,一般,*,*,*,*,*,*
"SYS",,,1,名詞,固有名詞,一般,*,*,*,*,*,*
"SaaS",,,1,名詞,固有名詞,一般,*,*,*,*,*,*
"Safety",,,1,名詞,固有名詞,一般,*,*,*,*,*,*
"Sality",,,1,名詞,固有名詞,一般,*,*,*,*,*,*
"Sandbox",,,1,名詞,固有名詞,一般,*,*,*,*,*,*
"Sassarワーム",,,1,名詞,固有名詞,一般,*,*,*,*,*,*
"Scan engine",,,1,名詞,固有名詞,一般,*,*,*,*,*,*
"Scavenging",,,1,名詞,固有名詞,一般,*,*,*,*,*,*
"Script",,,1,名詞,固有名詞,一般,*,*,*,*,*,*
"Script Kiddy",,,1,名詞,固有名詞,一般,*,*,*,*,*,*
"Search Engine Optimization",,,1,名詞,固有名詞,一般,*,*,*,*,*,*
"SecurID認証",,,1,名詞,固有名詞,一般,*,*,*,*,*,*
"Secure Boot",,,1,名詞,固有名詞,一般,*,*,*,*,*,*
"Secure Electronic Transaction",,,1,名詞,固有名詞,一般,*,*,*,*,*,*
"Secure Electronic Transactions",,,1,名詞,固有名詞,一般,*,*,*,*,*,*
"Secure Hash Algorithm",,,1,名詞,固有名詞,一般,*,*,*,*,*,*
"Secure MIME",,,1,名詞,固有名詞,一般,*,*,*,*,*,*
"Secure Shell",,,1,名詞,固有名詞,一般,*,*,*,*,*,*
"Secure Socket Layer",,,1,名詞,固有名詞,一般,*,*,*,*,*,*
"Secure Sockets Layer",,,1,名詞,固有名詞,一般,*,*,*,*,*,*
"Secure hash function",,,1,名詞,固有名詞,一般,*,*,*,*,*,*
"Secure/MIME",,,1,名詞,固有名詞,一般,*,*,*,*,*,*
"Security Architecture For Internet Protocol",,,1,名詞,固有名詞,一般,*,*,*,*,*,*
"Security Development Lifecycle",,,1,名詞,固有名詞,一般,*,*,*,*,*,*
"Security Hole",,,1,名詞,固有名詞,一般,*,*,*,*,*,*
"Security Incident",,,1,名詞,固有名詞,一般,*,*,*,*,*,*
"Security Information and Event Management",,,1,名詞,固有名詞,一般,*,*,*,*,*,*
"Security Information and Event Management　",,,1,名詞,固有名詞,一般,*,*,*,*,*,*
"Security Operation Center",,,1,名詞,固有名詞,一般,*,*,*,*,*,*
"Security Pass",,,1,名詞,固有名詞,一般,*,*,*,*,*,*
"Security Policy",,,1,名詞,固有名詞,一般,*,*,*,*,*,*
"Segment",,,1,名詞,固有名詞,一般,*,*,*,*,*,*
"Self Extraction File",,,1,名詞,固有名詞,一般,*,*,*,*,*,*
"Sender Policy Framework",,,1,名詞,固有名詞,一般,*,*,*,*,*,*
"Sensitive Information",,,1,名詞,固有名詞,一般,*,*,*,*,*,*
"Separation of Duties",,,1,名詞,固有名詞,一般,*,*,*,*,*,*
"Server",,,1,名詞,固有名詞,一般,*,*,*,*,*,*
"Server Message Block",,,1,名詞,固有名詞,一般,*,*,*,*,*,*
"Session",,,1,名詞,固有名詞,一般,*,*,*,*,*,*
"Session Hijacking",,,1,名詞,固有名詞,一般,*,*,*,*,*,*
"Session Key",,,1,名詞,固有名詞,一般,*,*,*,*,*,*
"Shadow Password Files",,,1,名詞,固有名詞,一般,*,*,*,*,*,*
"Share",,,1,名詞,固有名詞,一般,*,*,*,*,*,*
"Shared File",,,1,名詞,固有名詞,一般,*,*,*,*,*,*
"Shell",,,1,名詞,固有名詞,一般,*,*,*,*,*,*
"Shellcode",,,1,名詞,固有名詞,一般,*,*,*,*,*,*
"Shellshock",,,1,名詞,固有名詞,一般,*,*,*,*,*,*
"Short Message Service",,,1,名詞,固有名詞,一般,*,*,*,*,*,*
"Shoulder Hack",,,1,名詞,固有名詞,一般,*,*,*,*,*,*
"Shrouded Crossbow",,,1,名詞,固有名詞,一般,*,*,*,*,*,*
"Signals Analysis",,,1,名詞,固有名詞,一般,*,*,*,*,*,*
"Signature",,,1,名詞,固有名詞,一般,*,*,*,*,*,*
"Simple Integrity Property",,,1,名詞,固有名詞,一般,*,*,*,*,*,*
"Simple Network Management Protocol",,,1,名詞,固有名詞,一般,*,*,*,*,*,*
"Simple Security Property",,,1,名詞,固有名詞,一般,*,*,*,*,*,*
"Siri",,,1,名詞,固有名詞,一般,*,*,*,*,*,*
"Smarf",,,1,名詞,固有名詞,一般,*,*,*,*,*,*
"SmartScreen",,,1,名詞,固有名詞,一般,*,*,*,*,*,*
"Smartcard",,,1,名詞,固有名詞,一般,*,*,*,*,*,*
"Smurf",,,1,名詞,固有名詞,一般,*,*,*,*,*,*
"Smurf attack",,,1,名詞,固有名詞,一般,*,*,*,*,*,*
"Smurf攻撃",,,1,名詞,固有名詞,一般,*,*,*,*,*,*
"Sniffer",,,1,名詞,固有名詞,一般,*,*,*,*,*,*
"Sniffing",,,1,名詞,固有名詞,一般,*,*,*,*,*,*
"Social Engineering",,,1,名詞,固有名詞,一般,*,*,*,*,*,*
"Social networking",,,1,名詞,固有名詞,一般,*,*,*,*,*,*
"Socket",,,1,名詞,固有名詞,一般,*,*,*,*,*,*
"Socket Pair",,,1,名詞,固有名詞,一般,*,*,*,*,*,*
"Software",,,1,名詞,固有名詞,一般,*,*,*,*,*,*
"Source Port",,,1,名詞,固有名詞,一般,*,*,*,*,*,*
"Spam",,,1,名詞,固有名詞,一般,*,*,*,*,*,*
"Spanning Port",,,1,名詞,固有名詞,一般,*,*,*,*,*,*
"Spear phishing",,,1,名詞,固有名詞,一般,*,*,*,*,*,*
"Split Horizon",,,1,名詞,固有名詞,一般,*,*,*,*,*,*
"Split Key",,,1,名詞,固有名詞,一般,*,*,*,*,*,*
"Spoof",,,1,名詞,固有名詞,一般,*,*,*,*,*,*
"SpyEye",,,1,名詞,固有名詞,一般,*,*,*,*,*,*
"Spyware",,,1,名詞,固有名詞,一般,*,*,*,*,*,*
"SpywareBlaster",,,1,名詞,固有名詞,一般,*,*,*,*,*,*
"Stack Mashing",,,1,名詞,固有名詞,一般,*,*,*,*,*,*
"Standard ACLs",,,1,名詞,固有名詞,一般,*,*,*,*,*,*
"Star Property",,,1,名詞,固有名詞,一般,*,*,*,*,*,*
"State Machine",,,1,名詞,固有名詞,一般,*,*,*,*,*,*
"Stateful Inspection",,,1,名詞,固有名詞,一般,*,*,*,*,*,*
"Static Host Tables",,,1,名詞,固有名詞,一般,*,*,*,*,*,*
"Static Routing",,,1,名詞,固有名詞,一般,*,*,*,*,*,*
"Stealer",,,1,名詞,固有名詞,一般,*,*,*,*,*,*
"Stealthing",,,1,名詞,固有名詞,一般,*,*,*,*,*,*
"Steganalysis",,,1,名詞,固有名詞,一般,*,*,*,*,*,*
"Steganography",,,1,名詞,固有名詞,一般,*,*,*,*,*,*
"Stimulus",,,1,名詞,固有名詞,一般,*,*,*,*,*,*
"Store-and-Forward",,,1,名詞,固有名詞,一般,*,*,*,*,*,*
"Storm Worm",,,1,名詞,固有名詞,一般,*,*,*,*,*,*
"Straight-Through Cable",,,1,名詞,固有名詞,一般,*,*,*,*,*,*
"Stream Cipher",,,1,名詞,固有名詞,一般,*,*,*,*,*,*
"Strong Star Property",,,1,名詞,固有名詞,一般,*,*,*,*,*,*
"Stuxnet",,,1,名詞,固有名詞,一般,*,*,*,*,*,*
"Sub Network",,,1,名詞,固有名詞,一般,*,*,*,*,*,*
"Subject",,,1,名詞,固有名詞,一般,*,*,*,*,*,*
"Subnet Mask",,,1,名詞,固有名詞,一般,*,*,*,*,*,*
"Subordinate CA",,,1,名詞,固有名詞,一般,*,*,*,*,*,*
"Subscriber",,,1,名詞,固有名詞,一般,*,*,*,*,*,*
"Superior CA",,,1,名詞,固有名詞,一般,*,*,*,*,*,*
"Switch",,,1,名詞,固有名詞,一般,*,*,*,*,*,*
"Switched Network",,,1,名詞,固有名詞,一般,*,*,*,*,*,*
"Symbian",,,1,名詞,固有名詞,一般,*,*,*,*,*,*
"Symbian Installation System",,,1,名詞,固有名詞,一般,*,*,*,*,*,*
"Symbian malware",,,1,名詞,固有名詞,一般,*,*,*,*,*,*
"Symbianマルウェア",,,1,名詞,固有名詞,一般,*,*,*,*,*,*
"Symbolic Links",,,1,名詞,固有名詞,一般,*,*,*,*,*,*
"Symmetric Cryptography",,,1,名詞,固有名詞,一般,*,*,*,*,*,*
"Symmetric Key",,,1,名詞,固有名詞,一般,*,*,*,*,*,*
"Synchronization",,,1,名詞,固有名詞,一般,*,*,*,*,*,*
"Syslog",,,1,名詞,固有名詞,一般,*,*,*,*,*,*
"System Restore",,,1,名詞,固有名詞,一般,*,*,*,*,*,*
"System Security Officer",,,1,名詞,固有名詞,一般,*,*,*,*,*,*
"System-Specific Policy",,,1,名詞,固有名詞,一般,*,*,*,*,*,*
"T1T3",,,1,名詞,固有名詞,一般,*,*,*,*,*,*
"TCA",,,1,名詞,固有名詞,一般,*,*,*,*,*,*
"TCG",,,1,名詞,固有名詞,一般,*,*,*,*,*,*
"TCP",,,1,名詞,固有名詞,一般,*,*,*,*,*,*
"TCP Fingerprinting",,,1,名詞,固有名詞,一般,*,*,*,*,*,*
"TCP Full Open Scan",,,1,名詞,固有名詞,一般,*,*,*,*,*,*
"TCP Half Open Scan",,,1,名詞,固有名詞,一般,*,*,*,*,*,*
"TCP Wrapper",,,1,名詞,固有名詞,一般,*,*,*,*,*,*
"TCP/IP",,,1,名詞,固有名詞,一般,*,*,*,*,*,*
"TCP/IP通信",,,1,名詞,固有名詞,一般,*,*,*,*,*,*
"TCPDump",,,1,名詞,固有名詞,一般,*,*,*,*,*,*
"TELNET",,,1,名詞,固有名詞,一般,*,*,*,*,*,*
"TKIP",,,1,名詞,固有名詞,一般,*,*,*,*,*,*
"TLS",,,1,名詞,固有名詞,一般,*,*,*,*,*,*
"TPM",,,1,名詞,固有名詞,一般,*,*,*,*,*,*
"TSA",,,1,名詞,固有名詞,一般,*,*,*,*,*,*
"TTP",,,1,名詞,固有名詞,一般,*,*,*,*,*,*
"TTY",,,1,名詞,固有名詞,一般,*,*,*,*,*,*
"Tabnabbing",,,1,名詞,固有名詞,一般,*,*,*,*,*,*
"Tamper",,,1,名詞,固有名詞,一般,*,*,*,*,*,*
"Target Data Breach",,,1,名詞,固有名詞,一般,*,*,*,*,*,*
"Targeted Attacks",,,1,名詞,固有名詞,一般,*,*,*,*,*,*
"Teardrop攻撃",,,1,名詞,固有名詞,一般,*,*,*,*,*,*
"The Onion Router",,,1,名詞,固有名詞,一般,*,*,*,*,*,*
"Threat",,,1,名詞,固有名詞,一般,*,*,*,*,*,*
"Threat Assessment",,,1,名詞,固有名詞,一般,*,*,*,*,*,*
"Threat Intelligence",,,1,名詞,固有名詞,一般,*,*,*,*,*,*
"Threat Model",,,1,名詞,固有名詞,一般,*,*,*,*,*,*
"Threat Vector",,,1,名詞,固有名詞,一般,*,*,*,*,*,*
"Time Stamp",,,1,名詞,固有名詞,一般,*,*,*,*,*,*
"Time Stamp Authority",,,1,名詞,固有名詞,一般,*,*,*,*,*,*
"Time to Live",,,1,名詞,固有名詞,一般,*,*,*,*,*,*
"Tiny Fragment Attack",,,1,名詞,固有名詞,一般,*,*,*,*,*,*
"Token",,,1,名詞,固有名詞,一般,*,*,*,*,*,*
"Token Ring",,,1,名詞,固有名詞,一般,*,*,*,*,*,*
"Token-Based Access Control",,,1,名詞,固有名詞,一般,*,*,*,*,*,*
"Token-Based Devices",,,1,名詞,固有名詞,一般,*,*,*,*,*,*
"Top CA",,,1,名詞,固有名詞,一般,*,*,*,*,*,*
"Topology",,,1,名詞,固有名詞,一般,*,*,*,*,*,*
"Tor",,,1,名詞,固有名詞,一般,*,*,*,*,*,*
"Touch ID",,,1,名詞,固有名詞,一般,*,*,*,*,*,*
"Traceroute",,,1,名詞,固有名詞,一般,*,*,*,*,*,*
"Trackware",,,1,名詞,固有名詞,一般,*,*,*,*,*,*
"Transmission Control Protocol",,,1,名詞,固有名詞,一般,*,*,*,*,*,*
"Transport Layer Security",,,1,名詞,固有名詞,一般,*,*,*,*,*,*
"Trigger",,,1,名詞,固有名詞,一般,*,*,*,*,*,*
"Triple DES",,,1,名詞,固有名詞,一般,*,*,*,*,*,*
"Triple-DES",,,1,名詞,固有名詞,一般,*,*,*,*,*,*
"Triple-Wrapped",,,1,名詞,固有名詞,一般,*,*,*,*,*,*
"Tripwire",,,1,名詞,固有名詞,一般,*,*,*,*,*,*
"Trojan",,,1,名詞,固有名詞,一般,*,*,*,*,*,*
"Trojan Horse",,,1,名詞,固有名詞,一般,*,*,*,*,*,*
"Trojan horse",,,1,名詞,固有名詞,一般,*,*,*,*,*,*
"Trunking",,,1,名詞,固有名詞,一般,*,*,*,*,*,*
"Trust",,,1,名詞,固有名詞,一般,*,*,*,*,*,*
"Trusted Computing Group",,,1,名詞,固有名詞,一般,*,*,*,*,*,*
"Trusted Ports",,,1,名詞,固有名詞,一般,*,*,*,*,*,*
"Trusted Third Party",,,1,名詞,固有名詞,一般,*,*,*,*,*,*
"Tunnel",,,1,名詞,固有名詞,一般,*,*,*,*,*,*
"Type Confusion",,,1,名詞,固有名詞,一般,*,*,*,*,*,*
"UBE",,,1,名詞,固有名詞,一般,*,*,*,*,*,*
"UDID",,,1,名詞,固有名詞,一般,*,*,*,*,*,*
"UDP",,,1,名詞,固有名詞,一般,*,*,*,*,*,*
"UDP Scan",,,1,名詞,固有名詞,一般,*,*,*,*,*,*
"UHF帯RFID",,,1,名詞,固有名詞,一般,*,*,*,*,*,*
"UPS",,,1,名詞,固有名詞,一般,*,*,*,*,*,*
"UPnP",,,1,名詞,固有名詞,一般,*,*,*,*,*,*
"URI",,,1,名詞,固有名詞,一般,*,*,*,*,*,*
"URL",,,1,名詞,固有名詞,一般,*,*,*,*,*,*
"URLフィルタリング",,,1,名詞,固有名詞,一般,*,*,*,*,*,*
"US-CERT",,,1,名詞,固有名詞,一般,*,*,*,*,*,*
"USB 3.0",,,1,名詞,固有名詞,一般,*,*,*,*,*,*
"USBウイルス",,,1,名詞,固有名詞,一般,*,*,*,*,*,*
"USBチャージャー",,,1,名詞,固有名詞,一般,*,*,*,*,*,*
"UTM",,,1,名詞,固有名詞,一般,*,*,*,*,*,*
"UXSS",,,1,名詞,固有名詞,一般,*,*,*,*,*,*
"Unicast",,,1,名詞,固有名詞,一般,*,*,*,*,*,*
"Unified Threat Management",,,1,名詞,固有名詞,一般,*,*,*,*,*,*
"Uniform Resource Identifier",,,1,名詞,固有名詞,一般,*,*,*,*,*,*
"Uniform Resource Locator",,,1,名詞,固有名詞,一般,*,*,*,*,*,*
"United States Computer Emergency Readiness Team",,,1,名詞,固有名詞,一般,*,*,*,*,*,*
"Unix",,,1,名詞,固有名詞,一般,*,*,*,*,*,*
"Unprotected Share",,,1,名詞,固有名詞,一般,*,*,*,*,*,*
"Unsolicited Bulk Email",,,1,名詞,固有名詞,一般,*,*,*,*,*,*
"Urban legend",,,1,名詞,固有名詞,一般,*,*,*,*,*,*
"User",,,1,名詞,固有名詞,一般,*,*,*,*,*,*
"User Contingency Plan",,,1,名詞,固有名詞,一般,*,*,*,*,*,*
"User Datagram Protocol",,,1,名詞,固有名詞,一般,*,*,*,*,*,*
"VA",,,1,名詞,固有名詞,一般,*,*,*,*,*,*
"VCA",,,1,名詞,固有名詞,一般,*,*,*,*,*,*
"VENOM",,,1,名詞,固有名詞,一般,*,*,*,*,*,*
"VPN",,,1,名詞,固有名詞,一般,*,*,*,*,*,*
"Vaccine Soft",,,1,名詞,固有名詞,一般,*,*,*,*,*,*
"Validation",,,1,名詞,固有名詞,一般,*,*,*,*,*,*
"Validation Authority",,,1,名詞,固有名詞,一般,*,*,*,*,*,*
"Validity",,,1,名詞,固有名詞,一般,*,*,*,*,*,*
"Variant",,,1,名詞,固有名詞,一般,*,*,*,*,*,*
"Verification",,,1,名詞,固有名詞,一般,*,*,*,*,*,*
"Virtual Private Network",,,1,名詞,固有名詞,一般,*,*,*,*,*,*
"Virus",,,1,名詞,固有名詞,一般,*,*,*,*,*,*
"Virus Hoax",,,1,名詞,固有名詞,一般,*,*,*,*,*,*
"Vishing",,,1,名詞,固有名詞,一般,*,*,*,*,*,*
"Voice Firewall",,,1,名詞,固有名詞,一般,*,*,*,*,*,*
"Voice Intrusion Prevention System",,,1,名詞,固有名詞,一般,*,*,*,*,*,*
"Volume",,,1,名詞,固有名詞,一般,*,*,*,*,*,*
"Volume Label",,,1,名詞,固有名詞,一般,*,*,*,*,*,*
"Vulnerability",,,1,名詞,固有名詞,一般,*,*,*,*,*,*
"Vulnerability Assessment",,,1,名詞,固有名詞,一般,*,*,*,*,*,*
"W3",,,1,名詞,固有名詞,一般,*,*,*,*,*,*
"W3C",,,1,名詞,固有名詞,一般,*,*,*,*,*,*
"WAF",,,1,名詞,固有名詞,一般,*,*,*,*,*,*
"WEP",,,1,名詞,固有名詞,一般,*,*,*,*,*,*
"WERDLOD",,,1,名詞,固有名詞,一般,*,*,*,*,*,*
"WHOIS",,,1,名詞,固有名詞,一般,*,*,*,*,*,*
"WORM媒体",,,1,名詞,固有名詞,一般,*,*,*,*,*,*
"WPA",,,1,名詞,固有名詞,一般,*,*,*,*,*,*
"WPA2",,,1,名詞,固有名詞,一般,*,*,*,*,*,*
"WPA2 エンタープライズ",,,1,名詞,固有名詞,一般,*,*,*,*,*,*
"WPS",,,1,名詞,固有名詞,一般,*,*,*,*,*,*
"WWW",,,1,名詞,固有名詞,一般,*,*,*,*,*,*
"War Chalking",,,1,名詞,固有名詞,一般,*,*,*,*,*,*
"War Dialer",,,1,名詞,固有名詞,一般,*,*,*,*,*,*
"War Dialing",,,1,名詞,固有名詞,一般,*,*,*,*,*,*
"War Driving",,,1,名詞,固有名詞,一般,*,*,*,*,*,*
"Warez",,,1,名詞,固有名詞,一般,*,*,*,*,*,*
"Warm Disaster Recovery Site",,,1,名詞,固有名詞,一般,*,*,*,*,*,*
"Waterbear",,,1,名詞,固有名詞,一般,*,*,*,*,*,*
"Web Application Firewall",,,1,名詞,固有名詞,一般,*,*,*,*,*,*
"Web Server",,,1,名詞,固有名詞,一般,*,*,*,*,*,*
"Web of Trust",,,1,名詞,固有名詞,一般,*,*,*,*,*,*
"Website Defacement",,,1,名詞,固有名詞,一般,*,*,*,*,*,*
"Website spoofing",,,1,名詞,固有名詞,一般,*,*,*,*,*,*
"Webアプリケーションファイアウォール",,,1,名詞,固有名詞,一般,*,*,*,*,*,*
"Webサイトの改ざん",,,1,名詞,固有名詞,一般,*,*,*,*,*,*
"Webセキュリティー診断",,,1,名詞,固有名詞,一般,*,*,*,*,*,*
"Whale phishing",,,1,名詞,固有名詞,一般,*,*,*,*,*,*
"Whitelist",,,1,名詞,固有名詞,一般,*,*,*,*,*,*
"Whitespace padding",,,1,名詞,固有名詞,一般,*,*,*,*,*,*
"Wi-Fi",,,1,名詞,固有名詞,一般,*,*,*,*,*,*
"Wi-Fi Direct",,,1,名詞,固有名詞,一般,*,*,*,*,*,*
"Wi-Fiダイレクト",,,1,名詞,固有名詞,一般,*,*,*,*,*,*
"Wi-Fiルータ",,,1,名詞,固有名詞,一般,*,*,*,*,*,*
"WikiLeaks",,,1,名詞,固有名詞,一般,*,*,*,*,*,*
"Win32/Sality",,,1,名詞,固有名詞,一般,*,*,*,*,*,*
"Windowing",,,1,名詞,固有名詞,一般,*,*,*,*,*,*
"Windows Defender",,,1,名詞,固有名詞,一般,*,*,*,*,*,*
"Windows XP のサポート終了",,,1,名詞,固有名詞,一般,*,*,*,*,*,*
"Windows起動時の自動実行機能",,,1,名詞,固有名詞,一般,*,*,*,*,*,*
"Windump",,,1,名詞,固有名詞,一般,*,*,*,*,*,*
"Winny",,,1,名詞,固有名詞,一般,*,*,*,*,*,*
"Wired Equivalent Privacy",,,1,名詞,固有名詞,一般,*,*,*,*,*,*
"Wireless Application Protocol",,,1,名詞,固有名詞,一般,*,*,*,*,*,*
"Wiretapping",,,1,名詞,固有名詞,一般,*,*,*,*,*,*
"Wiフィッシング",,,1,名詞,固有名詞,一般,*,*,*,*,*,*
"World Wide Web",,,1,名詞,固有名詞,一般,*,*,*,*,*,*
"Worm",,,1,名詞,固有名詞,一般,*,*,*,*,*,*
"Write Protect",,,1,名詞,固有名詞,一般,*,*,*,*,*,*
"X.509",,,1,名詞,固有名詞,一般,*,*,*,*,*,*
"X.509 Field",,,1,名詞,固有名詞,一般,*,*,*,*,*,*
"XSRF",,,1,名詞,固有名詞,一般,*,*,*,*,*,*
"XSS",,,1,名詞,固有名詞,一般,*,*,*,*,*,*
"XcodeGhost",,,1,名詞,固有名詞,一般,*,*,*,*,*,*
"Zbot",,,1,名詞,固有名詞,一般,*,*,*,*,*,*
"Zero Day",,,1,名詞,固有名詞,一般,*,*,*,*,*,*
"Zero-day",,,1,名詞,固有名詞,一般,*,*,*,*,*,*
"Zero-day attack",,,1,名詞,固有名詞,一般,*,*,*,*,*,*
"Zero-day exploits",,,1,名詞,固有名詞,一般,*,*,*,*,*,*
"ZeuS",,,1,名詞,固有名詞,一般,*,*,*,*,*,*
"Zlob",,,1,名詞,固有名詞,一般,*,*,*,*,*,*
"Zombies",,,1,名詞,固有名詞,一般,*,*,*,*,*,*
"access control",,,1,名詞,固有名詞,一般,*,*,*,*,*,*
"account",,,1,名詞,固有名詞,一般,*,*,*,*,*,*
"advanced persistent threat",,,1,名詞,固有名詞,一般,*,*,*,*,*,*
"anomaly detection",,,1,名詞,固有名詞,一般,*,*,*,*,*,*
"anonymous FTP",,,1,名詞,固有名詞,一般,*,*,*,*,*,*
"application gateway",,,1,名詞,固有名詞,一般,*,*,*,*,*,*
"attack",,,1,名詞,固有名詞,一般,*,*,*,*,*,*
"attacker",,,1,名詞,固有名詞,一般,*,*,*,*,*,*
"attack、攻撃者",,,1,名詞,固有名詞,一般,*,*,*,*,*,*
"au ID",,,1,名詞,固有名詞,一般,*,*,*,*,*,*
"auditing tool",,,1,名詞,固有名詞,一般,*,*,*,*,*,*
"authentication",,,1,名詞,固有名詞,一般,*,*,*,*,*,*
"authorization",,,1,名詞,固有名詞,一般,*,*,*,*,*,*
"availability",,,1,名詞,固有名詞,一般,*,*,*,*,*,*
"back door",,,1,名詞,固有名詞,一般,*,*,*,*,*,*
"backdoor",,,1,名詞,固有名詞,一般,*,*,*,*,*,*
"backup",,,1,名詞,固有名詞,一般,*,*,*,*,*,*
"bastion host",,,1,名詞,固有名詞,一般,*,*,*,*,*,*
"biometorics",,,1,名詞,固有名詞,一般,*,*,*,*,*,*
"bot",,,1,名詞,固有名詞,一般,*,*,*,*,*,*
"bounce attack",,,1,名詞,固有名詞,一般,*,*,*,*,*,*
"brute force attack",,,1,名詞,固有名詞,一般,*,*,*,*,*,*
"bruteforceattack",,,1,名詞,固有名詞,一般,*,*,*,*,*,*
"buffer overflow",,,1,名詞,固有名詞,一般,*,*,*,*,*,*
"buffer overflow attack",,,1,名詞,固有名詞,一般,*,*,*,*,*,*
"buffer overrun",,,1,名詞,固有名詞,一般,*,*,*,*,*,*
"certificate",,,1,名詞,固有名詞,一般,*,*,*,*,*,*
"compliance",,,1,名詞,固有名詞,一般,*,*,*,*,*,*
"confidentiality",,,1,名詞,固有名詞,一般,*,*,*,*,*,*
"cracker",,,1,名詞,固有名詞,一般,*,*,*,*,*,*
"cracking",,,1,名詞,固有名詞,一般,*,*,*,*,*,*
"cross site scripting vulnerability",,,1,名詞,固有名詞,一般,*,*,*,*,*,*
"cross-site scripting",,,1,名詞,固有名詞,一般,*,*,*,*,*,*
"cyber terrorism",,,1,名詞,固有名詞,一般,*,*,*,*,*,*
"default account",,,1,名詞,固有名詞,一般,*,*,*,*,*,*
"demilitarized zone",,,1,名詞,固有名詞,一般,*,*,*,*,*,*
"dictionary attack",,,1,名詞,固有名詞,一般,*,*,*,*,*,*
"digital signature",,,1,名詞,固有名詞,一般,*,*,*,*,*,*
"distribution potential",,,1,名詞,固有名詞,一般,*,*,*,*,*,*
"dkim.jp",,,1,名詞,固有名詞,一般,*,*,*,*,*,*
"e-Gov",,,1,名詞,固有名詞,一般,*,*,*,*,*,*
"e-Japan",,,1,名詞,固有名詞,一般,*,*,*,*,*,*
"e-Japan重点計画",,,1,名詞,固有名詞,一般,*,*,*,*,*,*
"encryption",,,1,名詞,固有名詞,一般,*,*,*,*,*,*
"exploit",,,1,名詞,固有名詞,一般,*,*,*,*,*,*
"exposure",,,1,名詞,固有名詞,一般,*,*,*,*,*,*
"fake app",,,1,名詞,固有名詞,一般,*,*,*,*,*,*
"false negative",,,1,名詞,固有名詞,一般,*,*,*,*,*,*
"false positive",,,1,名詞,固有名詞,一般,*,*,*,*,*,*
"finger",,,1,名詞,固有名詞,一般,*,*,*,*,*,*
"firewall",,,1,名詞,固有名詞,一般,*,*,*,*,*,*
"fix",,,1,名詞,固有名詞,一般,*,*,*,*,*,*
"fix, patch",,,1,名詞,固有名詞,一般,*,*,*,*,*,*
"foot printing",,,1,名詞,固有名詞,一般,*,*,*,*,*,*
"fuzzing",,,1,名詞,固有名詞,一般,*,*,*,*,*,*
"gateway",,,1,名詞,固有名詞,一般,*,*,*,*,*,*
"gethostbyaddr",,,1,名詞,固有名詞,一般,*,*,*,*,*,*
"gethostbyname",,,1,名詞,固有名詞,一般,*,*,*,*,*,*
"ghost domain names",,,1,名詞,固有名詞,一般,*,*,*,*,*,*
"guest account",,,1,名詞,固有名詞,一般,*,*,*,*,*,*
"gumblar",,,1,名詞,固有名詞,一般,*,*,*,*,*,*
"hacking",,,1,名詞,固有名詞,一般,*,*,*,*,*,*
"hashdos",,,1,名詞,固有名詞,一般,*,*,*,*,*,*
"https",,,1,名詞,固有名詞,一般,*,*,*,*,*,*
"icat",,,1,名詞,固有名詞,一般,*,*,*,*,*,*
"incident",,,1,名詞,固有名詞,一般,*,*,*,*,*,*
"incident response",,,1,名詞,固有名詞,一般,*,*,*,*,*,*
"information security management system",,,1,名詞,固有名詞,一般,*,*,*,*,*,*
"integrity",,,1,名詞,固有名詞,一般,*,*,*,*,*,*
"intruder",,,1,名詞,固有名詞,一般,*,*,*,*,*,*
"intrusion",,,1,名詞,固有名詞,一般,*,*,*,*,*,*
"intrusion detection system",,,1,名詞,固有名詞,一般,*,*,*,*,*,*
"intrusion、侵入者",,,1,名詞,固有名詞,一般,*,*,*,*,*,*
"kerberos",,,1,名詞,固有名詞,一般,*,*,*,*,*,*
"logging",,,1,名詞,固有名詞,一般,*,*,*,*,*,*
"mail bombing",,,1,名詞,固有名詞,一般,*,*,*,*,*,*
"md5",,,1,名詞,固有名詞,一般,*,*,*,*,*,*
"microSD",,,1,名詞,固有名詞,一般,*,*,*,*,*,*
"misuse Detection",,,1,名詞,固有名詞,一般,*,*,*,*,*,*
"misuse detection",,,1,名詞,固有名詞,一般,*,*,*,*,*,*
"mstmp",,,1,名詞,固有名詞,一般,*,*,*,*,*,*
"one time password",,,1,名詞,固有名詞,一般,*,*,*,*,*,*
"packet filtering",,,1,名詞,固有名詞,一般,*,*,*,*,*,*
"pass phrase",,,1,名詞,固有名詞,一般,*,*,*,*,*,*
"password cracking",,,1,名詞,固有名詞,一般,*,*,*,*,*,*
"patch",,,1,名詞,固有名詞,一般,*,*,*,*,*,*
"payload",,,1,名詞,固有名詞,一般,*,*,*,*,*,*
"penetration test",,,1,名詞,固有名詞,一般,*,*,*,*,*,*
"personal firewall",,,1,名詞,固有名詞,一般,*,*,*,*,*,*
"pharming",,,1,名詞,固有名詞,一般,*,*,*,*,*,*
"phishing",,,1,名詞,固有名詞,一般,*,*,*,*,*,*
"port scan",,,1,名詞,固有名詞,一般,*,*,*,*,*,*
"probe",,,1,名詞,固有名詞,一般,*,*,*,*,*,*
"proxy",,,1,名詞,固有名詞,一般,*,*,*,*,*,*
"proxy server",,,1,名詞,固有名詞,一般,*,*,*,*,*,*
"qmail",,,1,名詞,固有名詞,一般,*,*,*,*,*,*
"ransomware",,,1,名詞,固有名詞,一般,*,*,*,*,*,*
"regression analysis",,,1,名詞,固有名詞,一般,*,*,*,*,*,*
"risk",,,1,名詞,固有名詞,一般,*,*,*,*,*,*
"risk assessment",,,1,名詞,固有名詞,一般,*,*,*,*,*,*
"root",,,1,名詞,固有名詞,一般,*,*,*,*,*,*
"rootkit",,,1,名詞,固有名詞,一般,*,*,*,*,*,*
"root化",,,1,名詞,固有名詞,一般,*,*,*,*,*,*
"safe mode",,,1,名詞,固有名詞,一般,*,*,*,*,*,*
"salt",,,1,名詞,固有名詞,一般,*,*,*,*,*,*
"sanitizing",,,1,名詞,固有名詞,一般,*,*,*,*,*,*
"secure sockets layer",,,1,名詞,固有名詞,一般,*,*,*,*,*,*
"security hole",,,1,名詞,固有名詞,一般,*,*,*,*,*,*
"security incident",,,1,名詞,固有名詞,一般,*,*,*,*,*,*
"sendmail",,,1,名詞,固有名詞,一般,*,*,*,*,*,*
"sequence number guessing",,,1,名詞,固有名詞,一般,*,*,*,*,*,*
"service level agreement",,,1,名詞,固有名詞,一般,*,*,*,*,*,*
"service set identifier",,,1,名詞,固有名詞,一般,*,*,*,*,*,*
"setuid",,,1,名詞,固有名詞,一般,*,*,*,*,*,*
"shoulder hack",,,1,名詞,固有名詞,一般,*,*,*,*,*,*
"smishing",,,1,名詞,固有名詞,一般,*,*,*,*,*,*
"social engineering",,,1,名詞,固有名詞,一般,*,*,*,*,*,*
"spam",,,1,名詞,固有名詞,一般,*,*,*,*,*,*
"spyware",,,1,名詞,固有名詞,一般,*,*,*,*,*,*
"spモード",,,1,名詞,固有名詞,一般,*,*,*,*,*,*
"ssh",,,1,名詞,固有名詞,一般,*,*,*,*,*,*
"syslog",,,1,名詞,固有名詞,一般,*,*,*,*,*,*
"the Web",,,1,名詞,固有名詞,一般,*,*,*,*,*,*
"threat",,,1,名詞,固有名詞,一般,*,*,*,*,*,*
"tracert.exe",,,1,名詞,固有名詞,一般,*,*,*,*,*,*
"trojan",,,1,名詞,固有名詞,一般,*,*,*,*,*,*
"unauthorized access",,,1,名詞,固有名詞,一般,*,*,*,*,*,*
"virtual private network",,,1,名詞,固有名詞,一般,*,*,*,*,*,*
"virus",,,1,名詞,固有名詞,一般,*,*,*,*,*,*
"vulnerability",,,1,名詞,固有名詞,一般,*,*,*,*,*,*
"worm",,,1,名詞,固有名詞,一般,*,*,*,*,*,*
"xinetd",,,1,名詞,固有名詞,一般,*,*,*,*,*,*
"「DKIM」",,,1,名詞,固有名詞,一般,*,*,*,*,*,*
"あんしんフィルター",,,1,名詞,固有名詞,一般,*,*,*,*,*,*
"おサイフケータイ",,,1,名詞,固有名詞,一般,*,*,*,*,*,*
"なりすまし",,,1,名詞,固有名詞,一般,*,*,*,*,*,*
"なりすましWebサイト",,,1,名詞,固有名詞,一般,*,*,*,*,*,*
"なりすましが行われる",,,1,名詞,固有名詞,一般,*,*,*,*,*,*
"らくらく無線スタート",,,1,名詞,固有名詞,一般,*,*,*,*,*,*
"アイキャット",,,1,名詞,固有名詞,一般,*,*,*,*,*,*
"アイデンティティ管理",,,1,名詞,固有名詞,一般,*,*,*,*,*,*
"アイピーセック",,,1,名詞,固有名詞,一般,*,*,*,*,*,*
"アオリ行為",,,1,名詞,固有名詞,一般,*,*,*,*,*,*
"アクセス・コントロール",,,1,名詞,固有名詞,一般,*,*,*,*,*,*
"アクセスコントロール",,,1,名詞,固有名詞,一般,*,*,*,*,*,*
"アクセス制御",,,1,名詞,固有名詞,一般,*,*,*,*,*,*
"アクセス制御リスト",,,1,名詞,固有名詞,一般,*,*,*,*,*,*
"アクセス履歴",,,1,名詞,固有名詞,一般,*,*,*,*,*,*
"アクタ",,,1,名詞,固有名詞,一般,*,*,*,*,*,*
"アクティベーションコード",,,1,名詞,固有名詞,一般,*,*,*,*,*,*
"アドレスバー偽装",,,1,名詞,固有名詞,一般,*,*,*,*,*,*
"アノーマリ検出",,,1,名詞,固有名詞,一般,*,*,*,*,*,*
"アノニマスFTP",,,1,名詞,固有名詞,一般,*,*,*,*,*,*
"アノマリー検知",,,1,名詞,固有名詞,一般,*,*,*,*,*,*
"アノマリ検出法",,,1,名詞,固有名詞,一般,*,*,*,*,*,*
"アバター",,,1,名詞,固有名詞,一般,*,*,*,*,*,*
"アプリケーション・ゲートウェイ",,,1,名詞,固有名詞,一般,*,*,*,*,*,*
"アプリケーションゲートウェイ",,,1,名詞,固有名詞,一般,*,*,*,*,*,*
"アプリ連携",,,1,名詞,固有名詞,一般,*,*,*,*,*,*
"インシデント対応",,,1,名詞,固有名詞,一般,*,*,*,*,*,*
"インシデント対応チーム",,,1,名詞,固有名詞,一般,*,*,*,*,*,*
"インシデント発生時のガイドライン",,,1,名詞,固有名詞,一般,*,*,*,*,*,*
"インターネット フィルター",,,1,名詞,固有名詞,一般,*,*,*,*,*,*
"インターネット・ホットラインセンター",,,1,名詞,固有名詞,一般,*,*,*,*,*,*
"インターネット接続ファイアウォール",,,1,名詞,固有名詞,一般,*,*,*,*,*,*
"インターネット選挙",,,1,名詞,固有名詞,一般,*,*,*,*,*,*
"インテリジェント・スキャン",,,1,名詞,固有名詞,一般,*,*,*,*,*,*
"ウィルス作成罪",,,1,名詞,固有名詞,一般,*,*,*,*,*,*
"ウィルス定義ファイル",,,1,名詞,固有名詞,一般,*,*,*,*,*,*
"ウイルスデマ情報",,,1,名詞,固有名詞,一般,*,*,*,*,*,*
"ウイルス対策ソフト",,,1,名詞,固有名詞,一般,*,*,*,*,*,*
"ウイルス対策ソフトウェア",,,1,名詞,固有名詞,一般,*,*,*,*,*,*
"ウェブサイトの書き換え",,,1,名詞,固有名詞,一般,*,*,*,*,*,*
"オープン・ソース・インテリジェンス",,,1,名詞,固有名詞,一般,*,*,*,*,*,*
"オブジェクト識別子",,,1,名詞,固有名詞,一般,*,*,*,*,*,*
"オレオレ証明書",,,1,名詞,固有名詞,一般,*,*,*,*,*,*
"オンライン証明書状態プロトコル",,,1,名詞,固有名詞,一般,*,*,*,*,*,*
"カミンスキー攻撃",,,1,名詞,固有名詞,一般,*,*,*,*,*,*
"キャッシュフロー計算書",,,1,名詞,固有名詞,一般,*,*,*,*,*,*
"クオリファイド証明書",,,1,名詞,固有名詞,一般,*,*,*,*,*,*
"クッキーモンスター問題",,,1,名詞,固有名詞,一般,*,*,*,*,*,*
"クラウドID管理",,,1,名詞,固有名詞,一般,*,*,*,*,*,*
"クリック詐欺",,,1,名詞,固有名詞,一般,*,*,*,*,*,*
"クローン携帯",,,1,名詞,固有名詞,一般,*,*,*,*,*,*
"クロスサイト スクリプト",,,1,名詞,固有名詞,一般,*,*,*,*,*,*
"クロスサイト リクエスト フォージェリ",,,1,名詞,固有名詞,一般,*,*,*,*,*,*
"クロスサイトスクリプティング脆弱性",,,1,名詞,固有名詞,一般,*,*,*,*,*,*
"グラフ検索",,,1,名詞,固有名詞,一般,*,*,*,*,*,*
"ケルベロス認証",,,1,名詞,固有名詞,一般,*,*,*,*,*,*
"ゲスト アカウント",,,1,名詞,固有名詞,一般,*,*,*,*,*,*
"コード署名",,,1,名詞,固有名詞,一般,*,*,*,*,*,*
"コネクトバック通信",,,1,名詞,固有名詞,一般,*,*,*,*,*,*
"コントロール・パターン・リリース",,,1,名詞,固有名詞,一般,*,*,*,*,*,*
"コンピュータ・セキュリティ・インシデント・レスポンス・チーム",,,1,名詞,固有名詞,一般,*,*,*,*,*,*
"コンピューター ウイルス",,,1,名詞,固有名詞,一般,*,*,*,*,*,*
"コンピュータソフトウェア著作権協会",,,1,名詞,固有名詞,一般,*,*,*,*,*,*
"サービス拒否が起こる",,,1,名詞,固有名詞,一般,*,*,*,*,*,*
"サービス拒否攻撃",,,1,名詞,固有名詞,一般,*,*,*,*,*,*
"サービス妨害攻撃",,,1,名詞,固有名詞,一般,*,*,*,*,*,*
"サービス連携",,,1,名詞,固有名詞,一般,*,*,*,*,*,*
"サイドチャネル攻撃",,,1,名詞,固有名詞,一般,*,*,*,*,*,*
"サイバーインテリジェンス情報共有ネットワーク",,,1,名詞,固有名詞,一般,*,*,*,*,*,*
"サイバーセキュリティ基本法",,,1,名詞,固有名詞,一般,*,*,*,*,*,*
"サイバーセキュリティ経営ガイドライン",,,1,名詞,固有名詞,一般,*,*,*,*,*,*
"サイバーノーガード戦法",,,1,名詞,固有名詞,一般,*,*,*,*,*,*
"サイバーフィジカル攻撃",,,1,名詞,固有名詞,一般,*,*,*,*,*,*
"サイバーリスク保険",,,1,名詞,固有名詞,一般,*,*,*,*,*,*
"サイバーレスキュー隊",,,1,名詞,固有名詞,一般,*,*,*,*,*,*
"サイバー攻撃",,,1,名詞,固有名詞,一般,*,*,*,*,*,*
"サイバー情報共有イニシアティブ",,,1,名詞,固有名詞,一般,*,*,*,*,*,*
"サイバー特区",,,1,名詞,固有名詞,一般,*,*,*,*,*,*
"サイバー犯罪",,,1,名詞,固有名詞,一般,*,*,*,*,*,*
"サイバー犯罪者",,,1,名詞,固有名詞,一般,*,*,*,*,*,*
"サイバー犯罪条約",,,1,名詞,固有名詞,一般,*,*,*,*,*,*
"サインイン/サインアウト",,,1,名詞,固有名詞,一般,*,*,*,*,*,*
"サプライチェーン攻撃",,,1,名詞,固有名詞,一般,*,*,*,*,*,*
"サムネイル検索",,,1,名詞,固有名詞,一般,*,*,*,*,*,*
"サラミ技術",,,1,名詞,固有名詞,一般,*,*,*,*,*,*
"シーケンス番号推測",,,1,名詞,固有名詞,一般,*,*,*,*,*,*
"シーザー暗号",,,1,名詞,固有名詞,一般,*,*,*,*,*,*
"シグネチャ・マッチング型IDS",,,1,名詞,固有名詞,一般,*,*,*,*,*,*
"システムの復元",,,1,名詞,固有名詞,一般,*,*,*,*,*,*
"システム領域感染型",,,1,名詞,固有名詞,一般,*,*,*,*,*,*
"シャドーIT",,,1,名詞,固有名詞,一般,*,*,*,*,*,*
"シリ",,,1,名詞,固有名詞,一般,*,*,*,*,*,*
"ジャミング攻撃",,,1,名詞,固有名詞,一般,*,*,*,*,*,*
"ステルス型ウイルス",,,1,名詞,固有名詞,一般,*,*,*,*,*,*
"ステルス状態",,,1,名詞,固有名詞,一般,*,*,*,*,*,*
"ステルス接続",,,1,名詞,固有名詞,一般,*,*,*,*,*,*
"ストリーム暗号",,,1,名詞,固有名詞,一般,*,*,*,*,*,*
"スピア型攻撃",,,1,名詞,固有名詞,一般,*,*,*,*,*,*
"スマートフォンの利用者情報等に関する連絡協議会",,,1,名詞,固有名詞,一般,*,*,*,*,*,*
"スマートフォン遠隔監視",,,1,名詞,固有名詞,一般,*,*,*,*,*,*
"スマート家電",,,1,名詞,固有名詞,一般,*,*,*,*,*,*
"スマート冷蔵庫",,,1,名詞,固有名詞,一般,*,*,*,*,*,*
"セーファーインターネット協会",,,1,名詞,固有名詞,一般,*,*,*,*,*,*
"セキュアCD",,,1,名詞,固有名詞,一般,*,*,*,*,*,*
"セキュアハッシュ関数",,,1,名詞,固有名詞,一般,*,*,*,*,*,*
"セキュア活性化方式",,,1,名詞,固有名詞,一般,*,*,*,*,*,*
"セキュリティーID",,,1,名詞,固有名詞,一般,*,*,*,*,*,*
"セキュリティー記述子",,,1,名詞,固有名詞,一般,*,*,*,*,*,*
"セキュリティ監査",,,1,名詞,固有名詞,一般,*,*,*,*,*,*
"セキュリティ更新プログラム",,,1,名詞,固有名詞,一般,*,*,*,*,*,*
"セキュリティ事故",,,1,名詞,固有名詞,一般,*,*,*,*,*,*
"セキュリティ対策推進協議会",,,1,名詞,固有名詞,一般,*,*,*,*,*,*
"セッションID固定化攻撃",,,1,名詞,固有名詞,一般,*,*,*,*,*,*
"セッション鍵",,,1,名詞,固有名詞,一般,*,*,*,*,*,*
"ゼロデイ脆弱性",,,1,名詞,固有名詞,一般,*,*,*,*,*,*
"ソーシャル エンジニアリング",,,1,名詞,固有名詞,一般,*,*,*,*,*,*
"ソフトウェア制限ポリシー",,,1,名詞,固有名詞,一般,*,*,*,*,*,*
"ソフト電池",,,1,名詞,固有名詞,一般,*,*,*,*,*,*
"ゾーン転送",,,1,名詞,固有名詞,一般,*,*,*,*,*,*
"ゾンビPC",,,1,名詞,固有名詞,一般,*,*,*,*,*,*
"ゾンビ化",,,1,名詞,固有名詞,一般,*,*,*,*,*,*
"タイニーフラグメント攻撃",,,1,名詞,固有名詞,一般,*,*,*,*,*,*
"タイムスタンプ機関",,,1,名詞,固有名詞,一般,*,*,*,*,*,*
"ダイアルアップ認証",,,1,名詞,固有名詞,一般,*,*,*,*,*,*
"ダウンロード違法化",,,1,名詞,固有名詞,一般,*,*,*,*,*,*
"ダメージ度",,,1,名詞,固有名詞,一般,*,*,*,*,*,*
"チャレンジハンドシェイク認証プロトコル",,,1,名詞,固有名詞,一般,*,*,*,*,*,*
"ツークリック詐欺",,,1,名詞,固有名詞,一般,*,*,*,*,*,*
"データセンター向けセキュリティー",,,1,名詞,固有名詞,一般,*,*,*,*,*,*
"データベース・セキュリティ・コンソーシアム",,,1,名詞,固有名詞,一般,*,*,*,*,*,*
"データ暗号標準",,,1,名詞,固有名詞,一般,*,*,*,*,*,*
"データ認証",,,1,名詞,固有名詞,一般,*,*,*,*,*,*
"データ漏えい",,,1,名詞,固有名詞,一般,*,*,*,*,*,*
"デジタル遺産相続",,,1,名詞,固有名詞,一般,*,*,*,*,*,*
"デジタル署名",,,1,名詞,固有名詞,一般,*,*,*,*,*,*
"デジタル増感",,,1,名詞,固有名詞,一般,*,*,*,*,*,*
"デジタル万引き",,,1,名詞,固有名詞,一般,*,*,*,*,*,*
"デスクトップ仮想化",,,1,名詞,固有名詞,一般,*,*,*,*,*,*
"デフォルト アカウント",,,1,名詞,固有名詞,一般,*,*,*,*,*,*
"デュアル鍵ペア",,,1,名詞,固有名詞,一般,*,*,*,*,*,*
"トップ CA",,,1,名詞,固有名詞,一般,*,*,*,*,*,*
"トランザクション署名",,,1,名詞,固有名詞,一般,*,*,*,*,*,*
"トランスポート・レイヤー・セキュリティ",,,1,名詞,固有名詞,一般,*,*,*,*,*,*
"トランスポート層セキュリティ",,,1,名詞,固有名詞,一般,*,*,*,*,*,*
"トリプル DES",,,1,名詞,固有名詞,一般,*,*,*,*,*,*
"トロイの木馬",,,1,名詞,固有名詞,一般,*,*,*,*,*,*
"ドス起動ディスク",,,1,名詞,固有名詞,一般,*,*,*,*,*,*
"ドメイン名",,,1,名詞,固有名詞,一般,*,*,*,*,*,*
"ドメイン名ハイジャック",,,1,名詞,固有名詞,一般,*,*,*,*,*,*
"ドライブ・バイ・ダウンロード攻撃",,,1,名詞,固有名詞,一般,*,*,*,*,*,*
"ドライブバイ ダウンロード",,,1,名詞,固有名詞,一般,*,*,*,*,*,*
"ドライブバイダウンロード攻撃",,,1,名詞,固有名詞,一般,*,*,*,*,*,*
"ニッチ戦略",,,1,名詞,固有名詞,一般,*,*,*,*,*,*
"ネクストジェネレーションファイアウォール",,,1,名詞,固有名詞,一般,*,*,*,*,*,*
"ネットワークアドレス変換",,,1,名詞,固有名詞,一般,*,*,*,*,*,*
"ネットワーク暗証番号",,,1,名詞,固有名詞,一般,*,*,*,*,*,*
"ネットワーク型ＩＤＳ",,,1,名詞,固有名詞,一般,*,*,*,*,*,*
"ハイブリッド型暗号",,,1,名詞,固有名詞,一般,*,*,*,*,*,*
"ハッシュ関数",,,1,名詞,固有名詞,一般,*,*,*,*,*,*
"ハッシュ値",,,1,名詞,固有名詞,一般,*,*,*,*,*,*
"バーチャル空間",,,1,名詞,固有名詞,一般,*,*,*,*,*,*
"バイオメトリクス認証",,,1,名詞,固有名詞,一般,*,*,*,*,*,*
"バイオメトリクス認証・生体認証",,,1,名詞,固有名詞,一般,*,*,*,*,*,*
"バッファオーバーフロー攻撃",,,1,名詞,固有名詞,一般,*,*,*,*,*,*
"パスワードリスト攻撃　　",,,1,名詞,固有名詞,一般,*,*,*,*,*,*
"パスワードリセット詐欺",,,1,名詞,固有名詞,一般,*,*,*,*,*,*
"パスワード解析",,,1,名詞,固有名詞,一般,*,*,*,*,*,*
"パスワード管理ソフト",,,1,名詞,固有名詞,一般,*,*,*,*,*,*
"パレット図",,,1,名詞,固有名詞,一般,*,*,*,*,*,*
"ヒューリスティック検出",,,1,名詞,固有名詞,一般,*,*,*,*,*,*
"ヒューリスティック検知",,,1,名詞,固有名詞,一般,*,*,*,*,*,*
"ヒューリスティック分析",,,1,名詞,固有名詞,一般,*,*,*,*,*,*
"ヒューリスティック法",,,1,名詞,固有名詞,一般,*,*,*,*,*,*
"ビジネスメール詐欺",,,1,名詞,固有名詞,一般,*,*,*,*,*,*
"ビッシング詐欺",,,1,名詞,固有名詞,一般,*,*,*,*,*,*
"ピア・ツー・ピア相互認証",,,1,名詞,固有名詞,一般,*,*,*,*,*,*
"ファイル・アクセス権限",,,1,名詞,固有名詞,一般,*,*,*,*,*,*
"ファイル感染型",,,1,名詞,固有名詞,一般,*,*,*,*,*,*
"ファイル共有ソフトを通じて感染するウィルス",,,1,名詞,固有名詞,一般,*,*,*,*,*,*
"ファイル交換サービス",,,1,名詞,固有名詞,一般,*,*,*,*,*,*
"ファイル属性",,,1,名詞,固有名詞,一般,*,*,*,*,*,*
"フィッシング対策ガイドライン",,,1,名詞,固有名詞,一般,*,*,*,*,*,*
"フィッシング対策協議会",,,1,名詞,固有名詞,一般,*,*,*,*,*,*
"フォーマット・初期化",,,1,名詞,固有名詞,一般,*,*,*,*,*,*
"ブラウザー ハイジャック",,,1,名詞,固有名詞,一般,*,*,*,*,*,*
"ブラックリスト方式",,,1,名詞,固有名詞,一般,*,*,*,*,*,*
"ブリッジCA",,,1,名詞,固有名詞,一般,*,*,*,*,*,*
"ブリッジ認証機関",,,1,名詞,固有名詞,一般,*,*,*,*,*,*
"ブリッジ認証局",,,1,名詞,固有名詞,一般,*,*,*,*,*,*
"ブルーオーシャン戦略",,,1,名詞,固有名詞,一般,*,*,*,*,*,*
"ブルートフォース攻撃",,,1,名詞,固有名詞,一般,*,*,*,*,*,*
"プライバシー影響評価",,,1,名詞,固有名詞,一般,*,*,*,*,*,*
"プライバシー保護",,,1,名詞,固有名詞,一般,*,*,*,*,*,*
"プライバシ保護データマイニング",,,1,名詞,固有名詞,一般,*,*,*,*,*,*
"プライベート鍵",,,1,名詞,固有名詞,一般,*,*,*,*,*,*
"プラグ可能認証モジュール",,,1,名詞,固有名詞,一般,*,*,*,*,*,*
"プラットフォーム脆弱性診断サービス",,,1,名詞,固有名詞,一般,*,*,*,*,*,*
"プローブ、探査",,,1,名詞,固有名詞,一般,*,*,*,*,*,*
"プローブ情報",,,1,名詞,固有名詞,一般,*,*,*,*,*,*
"プログラム言語",,,1,名詞,固有名詞,一般,*,*,*,*,*,*
"プロバイダ責任制限法",,,1,名詞,固有名詞,一般,*,*,*,*,*,*
"プロバイダ責任法",,,1,名詞,固有名詞,一般,*,*,*,*,*,*
"ベネッセ事件",,,1,名詞,固有名詞,一般,*,*,*,*,*,*
"ホスト型IDS",,,1,名詞,固有名詞,一般,*,*,*,*,*,*
"ホスト番号",,,1,名詞,固有名詞,一般,*,*,*,*,*,*
"ボリューム名",,,1,名詞,固有名詞,一般,*,*,*,*,*,*
"ポートスキャン",,,1,名詞,固有名詞,一般,*,*,*,*,*,*
"ポップアップ広告",,,1,名詞,固有名詞,一般,*,*,*,*,*,*
"ポリシー管理機関",,,1,名詞,固有名詞,一般,*,*,*,*,*,*
"ポリモーフィック型",,,1,名詞,固有名詞,一般,*,*,*,*,*,*
"マイクロソフト セキュリティ インテリジェンス レポート",,,1,名詞,固有名詞,一般,*,*,*,*,*,*
"マイナンバー制度",,,1,名詞,固有名詞,一般,*,*,*,*,*,*
"マクロ型",,,1,名詞,固有名詞,一般,*,*,*,*,*,*
"マトリックス認証",,,1,名詞,固有名詞,一般,*,*,*,*,*,*
"マルウェア識別番号",,,1,名詞,固有名詞,一般,*,*,*,*,*,*
"マルウェア識別番号制度",,,1,名詞,固有名詞,一般,*,*,*,*,*,*
"マン・イン・ザ・ブラウザー攻撃",,,1,名詞,固有名詞,一般,*,*,*,*,*,*
"ミスユース検出法",,,1,名詞,固有名詞,一般,*,*,*,*,*,*
"メール爆撃",,,1,名詞,固有名詞,一般,*,*,*,*,*,*
"メール不正中継",,,1,名詞,固有名詞,一般,*,*,*,*,*,*
"メッセージ認証コード",,,1,名詞,固有名詞,一般,*,*,*,*,*,*
"メモリ常駐",,,1,名詞,固有名詞,一般,*,*,*,*,*,*
"ユーザーアカウント制御",,,1,名詞,固有名詞,一般,*,*,*,*,*,*
"ランド攻撃",,,1,名詞,固有名詞,一般,*,*,*,*,*,*
"リスク値",,,1,名詞,固有名詞,一般,*,*,*,*,*,*
"リスト型アカウントハッキング",,,1,名詞,固有名詞,一般,*,*,*,*,*,*
"リッチテキスト形式",,,1,名詞,固有名詞,一般,*,*,*,*,*,*
"リモートでコードが実行される",,,1,名詞,固有名詞,一般,*,*,*,*,*,*
"ルートCA",,,1,名詞,固有名詞,一般,*,*,*,*,*,*
"ルート証明書",,,1,名詞,固有名詞,一般,*,*,*,*,*,*
"ログイン/ログアウト",,,1,名詞,固有名詞,一般,*,*,*,*,*,*
"ログ管理／ログ分析",,,1,名詞,固有名詞,一般,*,*,*,*,*,*
"ロック画面",,,1,名詞,固有名詞,一般,*,*,*,*,*,*
"ワンクリック料金請求",,,1,名詞,固有名詞,一般,*,*,*,*,*,*
"ワンタイムパスワード認証",,,1,名詞,固有名詞,一般,*,*,*,*,*,*
"亜種",,,1,名詞,固有名詞,一般,*,*,*,*,*,*
"悪意のボット",,,1,名詞,固有名詞,一般,*,*,*,*,*,*
"安心ケータイサポート",,,1,名詞,固有名詞,一般,*,*,*,*,*,*
"安心ケータイサポートプラス",,,1,名詞,固有名詞,一般,*,*,*,*,*,*
"安心セキュリティパック",,,1,名詞,固有名詞,一般,*,*,*,*,*,*
"安心ナビ",,,1,名詞,固有名詞,一般,*,*,*,*,*,*
"安心ロックサービス",,,1,名詞,固有名詞,一般,*,*,*,*,*,*
"暗号の2010年問題",,,1,名詞,固有名詞,一般,*,*,*,*,*,*
"暗号アルゴリズム",,,1,名詞,固有名詞,一般,*,*,*,*,*,*
"暗号プロトコル",,,1,名詞,固有名詞,一般,*,*,*,*,*,*
"暗号化",,,1,名詞,固有名詞,一般,*,*,*,*,*,*
"暗号化アルゴリズム",,,1,名詞,固有名詞,一般,*,*,*,*,*,*
"暗号化キー",,,1,名詞,固有名詞,一般,*,*,*,*,*,*
"暗号解読",,,1,名詞,固有名詞,一般,*,*,*,*,*,*
"暗号技術",,,1,名詞,固有名詞,一般,*,*,*,*,*,*
"暗号鍵ペア",,,1,名詞,固有名詞,一般,*,*,*,*,*,*
"移動経路通知",,,1,名詞,固有名詞,一般,*,*,*,*,*,*
"違法コピー",,,1,名詞,固有名詞,一般,*,*,*,*,*,*
"違法ダウンロード刑事罰化",,,1,名詞,固有名詞,一般,*,*,*,*,*,*
"一般社団法人セキュアIoTプラットフォーム協議会",,,1,名詞,固有名詞,一般,*,*,*,*,*,*
"運び屋",,,1,名詞,固有名詞,一般,*,*,*,*,*,*
"映像監視",,,1,名詞,固有名詞,一般,*,*,*,*,*,*
"炎上",,,1,名詞,固有名詞,一般,*,*,*,*,*,*
"遠隔操作ツール",,,1,名詞,固有名詞,一般,*,*,*,*,*,*
"横断証明書",,,1,名詞,固有名詞,一般,*,*,*,*,*,*
"横断認証",,,1,名詞,固有名詞,一般,*,*,*,*,*,*
"下位CA",,,1,名詞,固有名詞,一般,*,*,*,*,*,*
"加入者",,,1,名詞,固有名詞,一般,*,*,*,*,*,*
"可⽤性",,,1,名詞,固有名詞,一般,*,*,*,*,*,*
"可用性",,,1,名詞,固有名詞,一般,*,*,*,*,*,*
"架空請求",,,1,名詞,固有名詞,一般,*,*,*,*,*,*
"画像スパム",,,1,名詞,固有名詞,一般,*,*,*,*,*,*
"改ざん",,,1,名詞,固有名詞,一般,*,*,*,*,*,*
"概念実証型脅威",,,1,名詞,固有名詞,一般,*,*,*,*,*,*
"拡張",,,1,名詞,固有名詞,一般,*,*,*,*,*,*
"拡張フィールド",,,1,名詞,固有名詞,一般,*,*,*,*,*,*
"拡張子",,,1,名詞,固有名詞,一般,*,*,*,*,*,*
"格納庫",,,1,名詞,固有名詞,一般,*,*,*,*,*,*
"隔離ファイル",,,1,名詞,固有名詞,一般,*,*,*,*,*,*
"学校ＤＳＳ",,,1,名詞,固有名詞,一般,*,*,*,*,*,*
"学校向けセキュリティー",,,1,名詞,固有名詞,一般,*,*,*,*,*,*
"学校情報セキュリティ推奨仕様",,,1,名詞,固有名詞,一般,*,*,*,*,*,*
"学校裏サイト",,,1,名詞,固有名詞,一般,*,*,*,*,*,*
"株価操作スパム",,,1,名詞,固有名詞,一般,*,*,*,*,*,*
"完全性",,,1,名詞,固有名詞,一般,*,*,*,*,*,*
"感染確認数",,,1,名詞,固有名詞,一般,*,*,*,*,*,*
"感染報告の有無",,,1,名詞,固有名詞,一般,*,*,*,*,*,*
"感染力",,,1,名詞,固有名詞,一般,*,*,*,*,*,*
"監査",,,1,名詞,固有名詞,一般,*,*,*,*,*,*
"監査ツール",,,1,名詞,固有名詞,一般,*,*,*,*,*,*
"監査ログ",,,1,名詞,固有名詞,一般,*,*,*,*,*,*
"監査主体",,,1,名詞,固有名詞,一般,*,*,*,*,*,*
"監査証跡",,,1,名詞,固有名詞,一般,*,*,*,*,*,*
"監視",,,1,名詞,固有名詞,一般,*,*,*,*,*,*
"緩和策",,,1,名詞,固有名詞,一般,*,*,*,*,*,*
"関数型暗号",,,1,名詞,固有名詞,一般,*,*,*,*,*,*
"顔認識",,,1,名詞,固有名詞,一般,*,*,*,*,*,*
"顔認証",,,1,名詞,固有名詞,一般,*,*,*,*,*,*
"危険度",,,1,名詞,固有名詞,一般,*,*,*,*,*,*
"危殆化",,,1,名詞,固有名詞,一般,*,*,*,*,*,*
"機械学習",,,1,名詞,固有名詞,一般,*,*,*,*,*,*
"機能利用制限",,,1,名詞,固有名詞,一般,*,*,*,*,*,*
"機密",,,1,名詞,固有名詞,一般,*,*,*,*,*,*
"機密性",,,1,名詞,固有名詞,一般,*,*,*,*,*,*
"帰宅支援マップ",,,1,名詞,固有名詞,一般,*,*,*,*,*,*
"偽アプリ",,,1,名詞,固有名詞,一般,*,*,*,*,*,*
"偽セキュリティ製品",,,1,名詞,固有名詞,一般,*,*,*,*,*,*
"偽ポップアップ",,,1,名詞,固有名詞,一般,*,*,*,*,*,*
"共通鍵",,,1,名詞,固有名詞,一般,*,*,*,*,*,*
"共通鍵暗号",,,1,名詞,固有名詞,一般,*,*,*,*,*,*
"共通鍵暗号⽅式",,,1,名詞,固有名詞,一般,*,*,*,*,*,*
"共通鍵暗号方式",,,1,名詞,固有名詞,一般,*,*,*,*,*,*
"共有ファイル",,,1,名詞,固有名詞,一般,*,*,*,*,*,*
"脅威",,,1,名詞,固有名詞,一般,*,*,*,*,*,*
"脅威インテリジェンス",,,1,名詞,固有名詞,一般,*,*,*,*,*,*
"金融向けセキュリティー",,,1,名詞,固有名詞,一般,*,*,*,*,*,*
"空白スペース",,,1,名詞,固有名詞,一般,*,*,*,*,*,*
"携帯電話不正利用防止法",,,1,名詞,固有名詞,一般,*,*,*,*,*,*
"警察庁のサイバー犯罪対策",,,1,名詞,固有名詞,一般,*,*,*,*,*,*
"警察庁セキュリティポータルサイト",,,1,名詞,固有名詞,一般,*,*,*,*,*,*
"警視庁ハイテク犯罪対策総合センター",,,1,名詞,固有名詞,一般,*,*,*,*,*,*
"検疫ネットワーク",,,1,名詞,固有名詞,一般,*,*,*,*,*,*
"検索エンジン",,,1,名詞,固有名詞,一般,*,*,*,*,*,*
"検索エンジン最適化",,,1,名詞,固有名詞,一般,*,*,*,*,*,*
"検証",,,1,名詞,固有名詞,一般,*,*,*,*,*,*
"検証機関",,,1,名詞,固有名詞,一般,*,*,*,*,*,*
"検体",,,1,名詞,固有名詞,一般,*,*,*,*,*,*
"鍵",,,1,名詞,固有名詞,一般,*,*,*,*,*,*
"鍵ペア",,,1,名詞,固有名詞,一般,*,*,*,*,*,*
"鍵管理",,,1,名詞,固有名詞,一般,*,*,*,*,*,*
"鍵交換",,,1,名詞,固有名詞,一般,*,*,*,*,*,*
"鍵更新",,,1,名詞,固有名詞,一般,*,*,*,*,*,*
"鍵使用目的",,,1,名詞,固有名詞,一般,*,*,*,*,*,*
"鍵生成用乱数",,,1,名詞,固有名詞,一般,*,*,*,*,*,*
"原田ウイルス",,,1,名詞,固有名詞,一般,*,*,*,*,*,*
"個人識別番号",,,1,名詞,固有名詞,一般,*,*,*,*,*,*
"個人情報",,,1,名詞,固有名詞,一般,*,*,*,*,*,*
"個人情報の盗難",,,1,名詞,固有名詞,一般,*,*,*,*,*,*
"個人情報保護条例",,,1,名詞,固有名詞,一般,*,*,*,*,*,*
"個人情報保護法",,,1,名詞,固有名詞,一般,*,*,*,*,*,*
"個人番号",,,1,名詞,固有名詞,一般,*,*,*,*,*,*
"故障紛失サポート",,,1,名詞,固有名詞,一般,*,*,*,*,*,*
"公開鍵",,,1,名詞,固有名詞,一般,*,*,*,*,*,*
"公開鍵インフラストラクチャ",,,1,名詞,固有名詞,一般,*,*,*,*,*,*
"公開鍵暗号",,,1,名詞,固有名詞,一般,*,*,*,*,*,*
"公開鍵暗号⽅式",,,1,名詞,固有名詞,一般,*,*,*,*,*,*
"公開鍵暗号技術",,,1,名詞,固有名詞,一般,*,*,*,*,*,*
"公開鍵暗号方式",,,1,名詞,固有名詞,一般,*,*,*,*,*,*
"公開鍵基盤",,,1,名詞,固有名詞,一般,*,*,*,*,*,*
"公開鍵証明書",,,1,名詞,固有名詞,一般,*,*,*,*,*,*
"公衆無線LAN",,,1,名詞,固有名詞,一般,*,*,*,*,*,*
"公証",,,1,名詞,固有名詞,一般,*,*,*,*,*,*
"公証サービス",,,1,名詞,固有名詞,一般,*,*,*,*,*,*
"広告識別子",,,1,名詞,固有名詞,一般,*,*,*,*,*,*
"攻撃",,,1,名詞,固有名詞,一般,*,*,*,*,*,*
"攻撃, attacker",,,1,名詞,固有名詞,一般,*,*,*,*,*,*
"攻撃者",,,1,名詞,固有名詞,一般,*,*,*,*,*,*
"攻略",,,1,名詞,固有名詞,一般,*,*,*,*,*,*
"攻略、攻略手段",,,1,名詞,固有名詞,一般,*,*,*,*,*,*
"攻略手段",,,1,名詞,固有名詞,一般,*,*,*,*,*,*
"航空機モード",,,1,名詞,固有名詞,一般,*,*,*,*,*,*
"行為",,,1,名詞,固有名詞,一般,*,*,*,*,*,*
"行動ターゲティング広告",,,1,名詞,固有名詞,一般,*,*,*,*,*,*
"国家安全保障会議",,,1,名詞,固有名詞,一般,*,*,*,*,*,*
"国際コンピュータセキュリティ協会",,,1,名詞,固有名詞,一般,*,*,*,*,*,*
"国際標準化機構",,,1,名詞,固有名詞,一般,*,*,*,*,*,*
"差分CRL",,,1,名詞,固有名詞,一般,*,*,*,*,*,*
"詐欺的セキュリティソフト",,,1,名詞,固有名詞,一般,*,*,*,*,*,*
"再起動",,,1,名詞,固有名詞,一般,*,*,*,*,*,*
"最高情報セキュリティ責任者",,,1,名詞,固有名詞,一般,*,*,*,*,*,*
"災害時ナビ",,,1,名詞,固有名詞,一般,*,*,*,*,*,*
"参照",,,1,名詞,固有名詞,一般,*,*,*,*,*,*
"使い捨てパスワード",,,1,名詞,固有名詞,一般,*,*,*,*,*,*
"指静脈認証",,,1,名詞,固有名詞,一般,*,*,*,*,*,*
"指紋認証",,,1,名詞,固有名詞,一般,*,*,*,*,*,*
"私事性的画像記録の提供等による被害の防止に関する法律",,,1,名詞,固有名詞,一般,*,*,*,*,*,*
"資産価値",,,1,名詞,固有名詞,一般,*,*,*,*,*,*
"事業継続計画",,,1,名詞,固有名詞,一般,*,*,*,*,*,*
"持続的標的型攻撃",,,1,名詞,固有名詞,一般,*,*,*,*,*,*
"時刻認証",,,1,名詞,固有名詞,一般,*,*,*,*,*,*
"次世代ファイアーウォール",,,1,名詞,固有名詞,一般,*,*,*,*,*,*
"次世代ファイアウォール",,,1,名詞,固有名詞,一般,*,*,*,*,*,*
"自己解凍ファイル",,,1,名詞,固有名詞,一般,*,*,*,*,*,*
"自己署名証明書",,,1,名詞,固有名詞,一般,*,*,*,*,*,*
"自動実行機能",,,1,名詞,固有名詞,一般,*,*,*,*,*,*
"辞書攻撃",,,1,名詞,固有名詞,一般,*,*,*,*,*,*
"識別名",,,1,名詞,固有名詞,一般,*,*,*,*,*,*
"失効",,,1,名詞,固有名詞,一般,*,*,*,*,*,*
"失効リスト",,,1,名詞,固有名詞,一般,*,*,*,*,*,*
"主体者",,,1,名詞,固有名詞,一般,*,*,*,*,*,*
"守秘性",,,1,名詞,固有名詞,一般,*,*,*,*,*,*
"手配書方式",,,1,名詞,固有名詞,一般,*,*,*,*,*,*
"修正プログラム",,,1,名詞,固有名詞,一般,*,*,*,*,*,*
"住⺠基本台帳ネットワーク",,,1,名詞,固有名詞,一般,*,*,*,*,*,*
"住民基本台帳ネットワーク",,,1,名詞,固有名詞,一般,*,*,*,*,*,*
"十分性検証",,,1,名詞,固有名詞,一般,*,*,*,*,*,*
"所有者",,,1,名詞,固有名詞,一般,*,*,*,*,*,*
"所有証明",,,1,名詞,固有名詞,一般,*,*,*,*,*,*
"署名検証者",,,1,名詞,固有名詞,一般,*,*,*,*,*,*
"署名者",,,1,名詞,固有名詞,一般,*,*,*,*,*,*
"商務省連邦情報処理規格",,,1,名詞,固有名詞,一般,*,*,*,*,*,*
"省エネ・節電対策",,,1,名詞,固有名詞,一般,*,*,*,*,*,*
"証跡",,,1,名詞,固有名詞,一般,*,*,*,*,*,*
"証明書",,,1,名詞,固有名詞,一般,*,*,*,*,*,*
"証明書の失効",,,1,名詞,固有名詞,一般,*,*,*,*,*,*
"証明書ポリシー",,,1,名詞,固有名詞,一般,*,*,*,*,*,*
"証明書期限",,,1,名詞,固有名詞,一般,*,*,*,*,*,*
"証明書更新",,,1,名詞,固有名詞,一般,*,*,*,*,*,*
"証明書失効",,,1,名詞,固有名詞,一般,*,*,*,*,*,*
"証明書失効リスト",,,1,名詞,固有名詞,一般,*,*,*,*,*,*
"証明書発行サービス提供者",,,1,名詞,固有名詞,一般,*,*,*,*,*,*
"証明書利用者",,,1,名詞,固有名詞,一般,*,*,*,*,*,*
"詳細リスク分析",,,1,名詞,固有名詞,一般,*,*,*,*,*,*
"上位 CA",,,1,名詞,固有名詞,一般,*,*,*,*,*,*
"冗⻑化",,,1,名詞,固有名詞,一般,*,*,*,*,*,*
"冗長化",,,1,名詞,固有名詞,一般,*,*,*,*,*,*
"冗長化・二重化",,,1,名詞,固有名詞,一般,*,*,*,*,*,*
"常時SSL",,,1,名詞,固有名詞,一般,*,*,*,*,*,*
"常駐型",,,1,名詞,固有名詞,一般,*,*,*,*,*,*
"情報セキュリティ",,,1,名詞,固有名詞,一般,*,*,*,*,*,*
"情報セキュリティアドミニストレータ",,,1,名詞,固有名詞,一般,*,*,*,*,*,*
"情報セキュリティポリシー",,,1,名詞,固有名詞,一般,*,*,*,*,*,*
"情報セキュリティマネジメントシステム",,,1,名詞,固有名詞,一般,*,*,*,*,*,*
"情報セキュリティ監査",,,1,名詞,固有名詞,一般,*,*,*,*,*,*
"情報セキュリティ監査企業台帳",,,1,名詞,固有名詞,一般,*,*,*,*,*,*
"情報セキュリティ国際評価基準",,,1,名詞,固有名詞,一般,*,*,*,*,*,*
"情報セキュリティ対策ベンチマーク",,,1,名詞,固有名詞,一般,*,*,*,*,*,*
"情報モラル",,,1,名詞,固有名詞,一般,*,*,*,*,*,*
"情報資産",,,1,名詞,固有名詞,一般,*,*,*,*,*,*
"情報収集型ハッキングツール",,,1,名詞,固有名詞,一般,*,*,*,*,*,*
"情報収集型マルウェア",,,1,名詞,固有名詞,一般,*,*,*,*,*,*
"情報処理振興事業協会",,,1,名詞,固有名詞,一般,*,*,*,*,*,*
"情報漏えい",,,1,名詞,固有名詞,一般,*,*,*,*,*,*
"情報漏えいが起こる",,,1,名詞,固有名詞,一般,*,*,*,*,*,*
"情報漏えい防止",,,1,名詞,固有名詞,一般,*,*,*,*,*,*
"情報漏洩",,,1,名詞,固有名詞,一般,*,*,*,*,*,*
"職務分掌",,,1,名詞,固有名詞,一般,*,*,*,*,*,*
"信頼者",,,1,名詞,固有名詞,一般,*,*,*,*,*,*
"信頼組織",,,1,名詞,固有名詞,一般,*,*,*,*,*,*
"侵害, intruder",,,1,名詞,固有名詞,一般,*,*,*,*,*,*
"侵入",,,1,名詞,固有名詞,一般,*,*,*,*,*,*
"侵入テスト",,,1,名詞,固有名詞,一般,*,*,*,*,*,*
"侵入検知システム",,,1,名詞,固有名詞,一般,*,*,*,*,*,*
"侵入検知プログラム",,,1,名詞,固有名詞,一般,*,*,*,*,*,*
"侵入者",,,1,名詞,固有名詞,一般,*,*,*,*,*,*
"侵入方法",,,1,名詞,固有名詞,一般,*,*,*,*,*,*
"侵入防止システム",,,1,名詞,固有名詞,一般,*,*,*,*,*,*
"振る舞い検知",,,1,名詞,固有名詞,一般,*,*,*,*,*,*
"申請者",,,1,名詞,固有名詞,一般,*,*,*,*,*,*
"身代金要求型マルウェア",,,1,名詞,固有名詞,一般,*,*,*,*,*,*
"人感センサー",,,1,名詞,固有名詞,一般,*,*,*,*,*,*
"水飲み場型攻撃",,,1,名詞,固有名詞,一般,*,*,*,*,*,*
"水飲み場攻撃",,,1,名詞,固有名詞,一般,*,*,*,*,*,*
"数字",,,1,名詞,固有名詞,一般,*,*,*,*,*,*
"制御システムセキュリティ",,,1,名詞,固有名詞,一般,*,*,*,*,*,*
"政府認証基盤",,,1,名詞,固有名詞,一般,*,*,*,*,*,*
"整数オーバーフロー攻撃",,,1,名詞,固有名詞,一般,*,*,*,*,*,*
"正確性検証",,,1,名詞,固有名詞,一般,*,*,*,*,*,*
"生体認証",,,1,名詞,固有名詞,一般,*,*,*,*,*,*
"精神的ブラクラ",,,1,名詞,固有名詞,一般,*,*,*,*,*,*
"声紋",,,1,名詞,固有名詞,一般,*,*,*,*,*,*
"声紋認証",,,1,名詞,固有名詞,一般,*,*,*,*,*,*
"脆弱性",,,1,名詞,固有名詞,一般,*,*,*,*,*,*
"脆弱性診断",,,1,名詞,固有名詞,一般,*,*,*,*,*,*
"脆弱性利用型不正プログラム",,,1,名詞,固有名詞,一般,*,*,*,*,*,*
"切り取りと貼り付け",,,1,名詞,固有名詞,一般,*,*,*,*,*,*
"組み合わせアプローチ",,,1,名詞,固有名詞,一般,*,*,*,*,*,*
"双方向認証",,,1,名詞,固有名詞,一般,*,*,*,*,*,*
"相互認証",,,1,名詞,固有名詞,一般,*,*,*,*,*,*
"相互認証証明書",,,1,名詞,固有名詞,一般,*,*,*,*,*,*
"総合脅威管理システム",,,1,名詞,固有名詞,一般,*,*,*,*,*,*
"総当たり攻撃",,,1,名詞,固有名詞,一般,*,*,*,*,*,*
"属性機関",,,1,名詞,固有名詞,一般,*,*,*,*,*,*
"属性証明書",,,1,名詞,固有名詞,一般,*,*,*,*,*,*
"属性認証機関",,,1,名詞,固有名詞,一般,*,*,*,*,*,*
"多層防御",,,1,名詞,固有名詞,一般,*,*,*,*,*,*
"多地点監視",,,1,名詞,固有名詞,一般,*,*,*,*,*,*
"多要素認証",,,1,名詞,固有名詞,一般,*,*,*,*,*,*
"楕円曲線暗号",,,1,名詞,固有名詞,一般,*,*,*,*,*,*
"対称暗号",,,1,名詞,固有名詞,一般,*,*,*,*,*,*
"対称鍵",,,1,名詞,固有名詞,一般,*,*,*,*,*,*
"耐タンパー性",,,1,名詞,固有名詞,一般,*,*,*,*,*,*
"耐タンパ性",,,1,名詞,固有名詞,一般,*,*,*,*,*,*
"大音量検知機能",,,1,名詞,固有名詞,一般,*,*,*,*,*,*
"谷口ウイルス",,,1,名詞,固有名詞,一般,*,*,*,*,*,*
"短縮URL",,,1,名詞,固有名詞,一般,*,*,*,*,*,*
"知的財産",,,1,名詞,固有名詞,一般,*,*,*,*,*,*
"知的所有権",,,1,名詞,固有名詞,一般,*,*,*,*,*,*
"地方公共団体における情報セキュリティポリシーに関するガイドライン",,,1,名詞,固有名詞,一般,*,*,*,*,*,*
"地方公共団体における情報セキュリティ監査に関するガイドライン",,,1,名詞,固有名詞,一般,*,*,*,*,*,*
"着信拒否",,,1,名詞,固有名詞,一般,*,*,*,*,*,*
"着信制限",,,1,名詞,固有名詞,一般,*,*,*,*,*,*
"中間者攻撃",,,1,名詞,固有名詞,一般,*,*,*,*,*,*
"通行履歴",,,1,名詞,固有名詞,一般,*,*,*,*,*,*
"通信の秘密",,,1,名詞,固有名詞,一般,*,*,*,*,*,*
"通知機能",,,1,名詞,固有名詞,一般,*,*,*,*,*,*
"適格証明書",,,1,名詞,固有名詞,一般,*,*,*,*,*,*
"添付",,,1,名詞,固有名詞,一般,*,*,*,*,*,*
"添付ファイル",,,1,名詞,固有名詞,一般,*,*,*,*,*,*
"電⼦署名",,,1,名詞,固有名詞,一般,*,*,*,*,*,*
"電子マネー",,,1,名詞,固有名詞,一般,*,*,*,*,*,*
"電子公証",,,1,名詞,固有名詞,一般,*,*,*,*,*,*
"電子署名",,,1,名詞,固有名詞,一般,*,*,*,*,*,*
"電子署名法",,,1,名詞,固有名詞,一般,*,*,*,*,*,*
"電子証明書",,,1,名詞,固有名詞,一般,*,*,*,*,*,*
"電子申請・届出",,,1,名詞,固有名詞,一般,*,*,*,*,*,*
"電子政府",,,1,名詞,固有名詞,一般,*,*,*,*,*,*
"電子政府推奨暗号リスト",,,1,名詞,固有名詞,一般,*,*,*,*,*,*
"電子増感",,,1,名詞,固有名詞,一般,*,*,*,*,*,*
"電子透かし",,,1,名詞,固有名詞,一般,*,*,*,*,*,*
"電子入札",,,1,名詞,固有名詞,一般,*,*,*,*,*,*
"電磁シールド",,,1,名詞,固有名詞,一般,*,*,*,*,*,*
"電磁波盗聴",,,1,名詞,固有名詞,一般,*,*,*,*,*,*
"登録機関",,,1,名詞,固有名詞,一般,*,*,*,*,*,*
"登録局",,,1,名詞,固有名詞,一般,*,*,*,*,*,*
"都市伝説",,,1,名詞,固有名詞,一般,*,*,*,*,*,*
"踏み台",,,1,名詞,固有名詞,一般,*,*,*,*,*,*
"働き方改革",,,1,名詞,固有名詞,一般,*,*,*,*,*,*
"匿名 FTP",,,1,名詞,固有名詞,一般,*,*,*,*,*,*
"匿名FTP",,,1,名詞,固有名詞,一般,*,*,*,*,*,*
"匿名アクセス",,,1,名詞,固有名詞,一般,*,*,*,*,*,*
"特権ID管理",,,1,名詞,固有名詞,一般,*,*,*,*,*,*
"特権が昇格される",,,1,名詞,固有名詞,一般,*,*,*,*,*,*
"特定個人情報",,,1,名詞,固有名詞,一般,*,*,*,*,*,*
"特定秘密保護法",,,1,名詞,固有名詞,一般,*,*,*,*,*,*
"独立行政法人 情報通信研究機構",,,1,名詞,固有名詞,一般,*,*,*,*,*,*
"独立行政法人情報処理推進機構",,,1,名詞,固有名詞,一般,*,*,*,*,*,*
"内閣サイバーセキュリティセンター",,,1,名詞,固有名詞,一般,*,*,*,*,*,*
"内閣官房情報セキュリティセンター",,,1,名詞,固有名詞,一般,*,*,*,*,*,*
"内部統制",,,1,名詞,固有名詞,一般,*,*,*,*,*,*
"難読化",,,1,名詞,固有名詞,一般,*,*,*,*,*,*
"二重化",,,1,名詞,固有名詞,一般,*,*,*,*,*,*
"二重拡張子",,,1,名詞,固有名詞,一般,*,*,*,*,*,*
"二要素認証",,,1,名詞,固有名詞,一般,*,*,*,*,*,*
"虹彩",,,1,名詞,固有名詞,一般,*,*,*,*,*,*
"虹彩認証",,,1,名詞,固有名詞,一般,*,*,*,*,*,*
"日本サイバー犯罪対策センター",,,1,名詞,固有名詞,一般,*,*,*,*,*,*
"日本シーサート協議会",,,1,名詞,固有名詞,一般,*,*,*,*,*,*
"日本スマートフォンセキュリティフォーラム",,,1,名詞,固有名詞,一般,*,*,*,*,*,*
"日本ネットワークセキュリティ協会",,,1,名詞,固有名詞,一般,*,*,*,*,*,*
"日本版ＳＯＸ法",,,1,名詞,固有名詞,一般,*,*,*,*,*,*
"入退管理",,,1,名詞,固有名詞,一般,*,*,*,*,*,*
"入退室管理システム",,,1,名詞,固有名詞,一般,*,*,*,*,*,*
"入力フォーム",,,1,名詞,固有名詞,一般,*,*,*,*,*,*
"入力遅延",,,1,名詞,固有名詞,一般,*,*,*,*,*,*
"認可",,,1,名詞,固有名詞,一般,*,*,*,*,*,*
"認証",,,1,名詞,固有名詞,一般,*,*,*,*,*,*
"認証タグ",,,1,名詞,固有名詞,一般,*,*,*,*,*,*
"認証機関",,,1,名詞,固有名詞,一般,*,*,*,*,*,*
"認証機関失効リスト",,,1,名詞,固有名詞,一般,*,*,*,*,*,*
"認証局",,,1,名詞,固有名詞,一般,*,*,*,*,*,*
"認証局運営規定",,,1,名詞,固有名詞,一般,*,*,*,*,*,*
"認証局失効リスト",,,1,名詞,固有名詞,一般,*,*,*,*,*,*
"認証実施規定",,,1,名詞,固有名詞,一般,*,*,*,*,*,*
"破壊活動",,,1,名詞,固有名詞,一般,*,*,*,*,*,*
"発行機関",,,1,名詞,固有名詞,一般,*,*,*,*,*,*
"発行者",,,1,名詞,固有名詞,一般,*,*,*,*,*,*
"否認防止",,,1,名詞,固有名詞,一般,*,*,*,*,*,*
"秘匿性",,,1,名詞,固有名詞,一般,*,*,*,*,*,*
"秘密の質問",,,1,名詞,固有名詞,一般,*,*,*,*,*,*
"秘密鍵",,,1,名詞,固有名詞,一般,*,*,*,*,*,*
"被監査主体",,,1,名詞,固有名詞,一般,*,*,*,*,*,*
"被認証者",,,1,名詞,固有名詞,一般,*,*,*,*,*,*
"非形式アプローチ",,,1,名詞,固有名詞,一般,*,*,*,*,*,*
"非武装地帯",,,1,名詞,固有名詞,一般,*,*,*,*,*,*
"標的型メール",,,1,名詞,固有名詞,一般,*,*,*,*,*,*
"標的型攻撃",,,1,名詞,固有名詞,一般,*,*,*,*,*,*
"不審メール110番",,,1,名詞,固有名詞,一般,*,*,*,*,*,*
"不正アクセス",,,1,名詞,固有名詞,一般,*,*,*,*,*,*
"不正アクセス禁⽌法",,,1,名詞,固有名詞,一般,*,*,*,*,*,*
"不正アクセス禁止法",,,1,名詞,固有名詞,一般,*,*,*,*,*,*
"不正アクセス行為の禁止等に関する法律",,,1,名詞,固有名詞,一般,*,*,*,*,*,*
"不正アクセス通知",,,1,名詞,固有名詞,一般,*,*,*,*,*,*
"不正アプリ",,,1,名詞,固有名詞,一般,*,*,*,*,*,*
"不正検出型IDS",,,1,名詞,固有名詞,一般,*,*,*,*,*,*
"不正広告",,,1,名詞,固有名詞,一般,*,*,*,*,*,*
"不正侵入検知システム",,,1,名詞,固有名詞,一般,*,*,*,*,*,*
"不正送金",,,1,名詞,固有名詞,一般,*,*,*,*,*,*
"復号",,,1,名詞,固有名詞,一般,*,*,*,*,*,*
"復号化",,,1,名詞,固有名詞,一般,*,*,*,*,*,*
"複合型脅威",,,1,名詞,固有名詞,一般,*,*,*,*,*,*
"物理的セキュリティー",,,1,名詞,固有名詞,一般,*,*,*,*,*,*
"分散Dos",,,1,名詞,固有名詞,一般,*,*,*,*,*,*
"分散型サービス拒否攻撃",,,1,名詞,固有名詞,一般,*,*,*,*,*,*
"分散型サービス妨害攻撃",,,1,名詞,固有名詞,一般,*,*,*,*,*,*
"米コンピュータ緊急事態対策チーム",,,1,名詞,固有名詞,一般,*,*,*,*,*,*
"保護者による制限",,,1,名詞,固有名詞,一般,*,*,*,*,*,*
"忘れられる権利",,,1,名詞,固有名詞,一般,*,*,*,*,*,*
"防犯ブザー",,,1,名詞,固有名詞,一般,*,*,*,*,*,*
"本人確認書類",,,1,名詞,固有名詞,一般,*,*,*,*,*,*
"本人認証",,,1,名詞,固有名詞,一般,*,*,*,*,*,*
"無線LAN",,,1,名詞,固有名詞,一般,*,*,*,*,*,*
"無線WAN通信機能",,,1,名詞,固有名詞,一般,*,*,*,*,*,*
"名簿屋",,,1,名詞,固有名詞,一般,*,*,*,*,*,*
"迷惑メール",,,1,名詞,固有名詞,一般,*,*,*,*,*,*
"迷惑メール法",,,1,名詞,固有名詞,一般,*,*,*,*,*,*
"野良AP",,,1,名詞,固有名詞,一般,*,*,*,*,*,*
"野良無線",,,1,名詞,固有名詞,一般,*,*,*,*,*,*
"幽霊ドメイン名",,,1,名詞,固有名詞,一般,*,*,*,*,*,*
"有効期間",,,1,名詞,固有名詞,一般,*,*,*,*,*,*
"有効性検証",,,1,名詞,固有名詞,一般,*,*,*,*,*,*
"要塞ホスト",,,1,名詞,固有名詞,一般,*,*,*,*,*,*
"裏口",,,1,名詞,固有名詞,一般,*,*,*,*,*,*
"流通業のセキュリティー",,,1,名詞,固有名詞,一般,*,*,*,*,*,*
"連絡窓口",,,1,名詞,固有名詞,一般,*,*,*,*,*,*
"露出",,,1,名詞,固有名詞,一般,*,*,*,*,*,*
"輻輳",,,1,名詞,固有名詞,一般,*,*,*,*,*,*
